dataset,representation,scheme,budget,macro_f1,macro_f1_resample_sd,n_runs
BRCA_GSE161529,geneformer,S1_within_dataset,5,0.6352789244319916,0.04334445564384581,25
BRCA_GSE161529,harmony,S1_within_dataset,5,0.5083713902327456,0.030950595436208372,25
BRCA_GSE161529,hvg_pca,S1_within_dataset,5,0.5459754261402973,0.038564274170291006,25
BRCA_GSE161529,scgpt,S1_within_dataset,5,0.5983281821003101,0.04437345301762723,25
BRCA_GSE161529,scvi,S1_within_dataset,5,0.6104190756167862,0.030612623364667493,25
BRCA_GSE176078,geneformer,S1_within_dataset,5,0.6562179719249939,0.04066506199042329,25
BRCA_GSE176078,harmony,S1_within_dataset,5,0.580933746060988,0.029399701054871386,25
BRCA_GSE176078,hvg_pca,S1_within_dataset,5,0.6532123972925489,0.04101672812380562,25
BRCA_GSE176078,scgpt,S1_within_dataset,5,0.6859894882732811,0.034083633183405154,25
BRCA_GSE176078,scvi,S1_within_dataset,5,0.6761175274219349,0.036393317230516545,25
CHOL_GSE125449_aPD1aPDL1aCTLA4,geneformer,S1_within_dataset,5,0.7114732376295152,0.0551131951773979,25
CHOL_GSE125449_aPD1aPDL1aCTLA4,harmony,S1_within_dataset,5,0.5588771364698056,0.03696843111396262,25
CHOL_GSE125449_aPD1aPDL1aCTLA4,hvg_pca,S1_within_dataset,5,0.7027924238818152,0.05389676687738705,25
CHOL_GSE125449_aPD1aPDL1aCTLA4,scgpt,S1_within_dataset,5,0.7016658300229618,0.0520660969150331,25
CHOL_GSE125449_aPD1aPDL1aCTLA4,scvi,S1_within_dataset,5,0.6887553647580105,0.05055817663251813,25
CRC_GSE108989,geneformer,S1_within_dataset,5,0.561913023544828,0.1794329469912797,25
CRC_GSE108989,harmony,S1_within_dataset,5,0.5654265385627233,0.07486718944417713,25
CRC_GSE108989,hvg_pca,S1_within_dataset,5,0.647361955980006,0.10087225213225755,25
CRC_GSE108989,scgpt,S1_within_dataset,5,0.37996617525540805,0.21232020650821426,25
CRC_GSE108989,scvi,S1_within_dataset,5,0.6472039789239179,0.08452474448026193,25
CRC_GSE146771_10X,geneformer,S1_within_dataset,5,0.6845750738581087,0.11170677722323501,25
CRC_GSE146771_10X,harmony,S1_within_dataset,5,0.5796981605233619,0.0452614913096503,25
CRC_GSE146771_10X,hvg_pca,S1_within_dataset,5,0.7539039093788754,0.07196683859847317,25
CRC_GSE146771_10X,scgpt,S1_within_dataset,5,0.7093138444942398,0.09888042238882044,25
CRC_GSE146771_10X,scvi,S1_within_dataset,5,0.7239205486627962,0.07325871979187963,25
HNSC_GSE103322,geneformer,S1_within_dataset,5,0.44187703206025053,0.09518420603031306,25
HNSC_GSE103322,harmony,S1_within_dataset,5,0.5844740367010605,0.05080659649599076,25
HNSC_GSE103322,hvg_pca,S1_within_dataset,5,0.6281909843866157,0.11289704345890338,25
HNSC_GSE103322,scgpt,S1_within_dataset,5,0.48349167096797446,0.07874021009442998,25
HNSC_GSE103322,scvi,S1_within_dataset,5,0.6230335141749903,0.07735914447299834,25
LIHC_GSE140228_10X,geneformer,S1_within_dataset,5,0.7148381743195802,0.05846551017799402,25
LIHC_GSE140228_10X,harmony,S1_within_dataset,5,0.5503911172597573,0.04392038101316328,25
LIHC_GSE140228_10X,hvg_pca,S1_within_dataset,5,0.7160396476689944,0.053946953737033176,25
LIHC_GSE140228_10X,scgpt,S1_within_dataset,5,0.6106660731306404,0.07394658144185078,25
LIHC_GSE140228_10X,scvi,S1_within_dataset,5,0.7023518198607068,0.04981646929876198,25
LIHC_GSE98638,geneformer,S1_within_dataset,5,0.5374569247003658,0.1765084458268134,25
LIHC_GSE98638,harmony,S1_within_dataset,5,0.5414434680878614,0.08234301395735565,25
LIHC_GSE98638,hvg_pca,S1_within_dataset,5,0.5958554897510644,0.11730127318475995,25
LIHC_GSE98638,scgpt,S1_within_dataset,5,0.3572337490793808,0.22661304335400814,25
LIHC_GSE98638,scvi,S1_within_dataset,5,0.5908286384122108,0.0963794727149429,25
NSCLC_GSE127465,geneformer,S1_within_dataset,5,0.7522028361294546,0.0378631588109218,25
NSCLC_GSE127465,harmony,S1_within_dataset,5,0.5721885033240315,0.03896296921834906,25
NSCLC_GSE127465,hvg_pca,S1_within_dataset,5,0.7387165231554694,0.049551407044930836,25
NSCLC_GSE127465,scgpt,S1_within_dataset,5,0.7230276710884845,0.060700449997315664,25
NSCLC_GSE127465,scvi,S1_within_dataset,5,0.7114489486824354,0.03932199126729989,25
NSCLC_GSE131907,geneformer,S1_within_dataset,5,0.6689709894131721,0.039022733709093135,25
NSCLC_GSE131907,harmony,S1_within_dataset,5,0.5840813290501147,0.026112215971559674,25
NSCLC_GSE131907,hvg_pca,S1_within_dataset,5,0.6702275521018258,0.02998419568005168,25
NSCLC_GSE131907,scgpt,S1_within_dataset,5,0.6428566916535452,0.03362857002936542,25
NSCLC_GSE131907,scvi,S1_within_dataset,5,0.6465772753153716,0.027609779136138456,25
PAAD_GSE111672,geneformer,S1_within_dataset,5,0.641509891611703,0.05666895922590473,25
PAAD_GSE111672,harmony,S1_within_dataset,5,0.4305606685625191,0.05863220321096402,25
PAAD_GSE111672,hvg_pca,S1_within_dataset,5,0.6182726167325123,0.06274145269560326,25
PAAD_GSE111672,scgpt,S1_within_dataset,5,0.6063997263917446,0.07436858110865967,25
PAAD_GSE111672,scvi,S1_within_dataset,5,0.606529009938019,0.06788985046174228,25
PAAD_GSE154778,geneformer,S1_within_dataset,5,0.5550625217848096,0.05135449920202068,25
PAAD_GSE154778,harmony,S1_within_dataset,5,0.39333796779999103,0.033990696473985706,25
PAAD_GSE154778,hvg_pca,S1_within_dataset,5,0.533561350617055,0.06083431858248749,25
PAAD_GSE154778,scgpt,S1_within_dataset,5,0.5462007804917179,0.05190629323285811,25
PAAD_GSE154778,scvi,S1_within_dataset,5,0.5128187028010652,0.05009131940492106,25
STAD_GSE134520,geneformer,S1_within_dataset,5,0.5987865839505949,0.07683244784043491,25
STAD_GSE134520,harmony,S1_within_dataset,5,0.5378129092167652,0.03083704268987251,25
STAD_GSE134520,hvg_pca,S1_within_dataset,5,0.6648691332821742,0.04820300945955908,25
STAD_GSE134520,scgpt,S1_within_dataset,5,0.6522502537742285,0.06921209715184497,25
STAD_GSE134520,scvi,S1_within_dataset,5,0.6340123114548295,0.05582847954728268,25
BRCA_GSE161529,geneformer,S1_within_dataset,10,0.7398835267587125,0.03067216170859678,25
BRCA_GSE161529,harmony,S1_within_dataset,10,0.5812463495816066,0.022174058031502877,25
BRCA_GSE161529,hvg_pca,S1_within_dataset,10,0.6350030095239865,0.045807644284900396,25
BRCA_GSE161529,scgpt,S1_within_dataset,10,0.7089211942788803,0.03197998952281337,25
BRCA_GSE161529,scvi,S1_within_dataset,10,0.6803289866882705,0.023560880202197397,25
BRCA_GSE176078,geneformer,S1_within_dataset,10,0.729695616011632,0.03712849557520901,25
BRCA_GSE176078,harmony,S1_within_dataset,10,0.6489011236759713,0.022823430440480318,25
BRCA_GSE176078,hvg_pca,S1_within_dataset,10,0.7120406949242261,0.03199822543277851,25
BRCA_GSE176078,scgpt,S1_within_dataset,10,0.7582193259758935,0.0224327294197589,25
BRCA_GSE176078,scvi,S1_within_dataset,10,0.7240461037277597,0.028733635586490235,25
CHOL_GSE125449_aPD1aPDL1aCTLA4,geneformer,S1_within_dataset,10,0.7142862759355312,0.056730922485159874,25
CHOL_GSE125449_aPD1aPDL1aCTLA4,harmony,S1_within_dataset,10,0.6437699968245945,0.034659399742792064,25
CHOL_GSE125449_aPD1aPDL1aCTLA4,hvg_pca,S1_within_dataset,10,0.7497863384201484,0.0462095292763686,25
CHOL_GSE125449_aPD1aPDL1aCTLA4,scgpt,S1_within_dataset,10,0.7669258337283898,0.049291084191502806,25
CHOL_GSE125449_aPD1aPDL1aCTLA4,scvi,S1_within_dataset,10,0.7387261472418932,0.06466946541505145,25
CRC_GSE108989,geneformer,S1_within_dataset,10,0.6032739983578094,0.17797698212747293,25
CRC_GSE108989,harmony,S1_within_dataset,10,0.6284154464910425,0.07170291535244772,25
CRC_GSE108989,hvg_pca,S1_within_dataset,10,0.7143885555211662,0.11441412101082123,25
CRC_GSE108989,scgpt,S1_within_dataset,10,0.5173555450561661,0.16354146152830357,25
CRC_GSE108989,scvi,S1_within_dataset,10,0.7218462687827893,0.07300540985078259,25
CRC_GSE146771_10X,geneformer,S1_within_dataset,10,0.7970984346196788,0.08550023520697787,25
CRC_GSE146771_10X,harmony,S1_within_dataset,10,0.6731441485398106,0.03360133845869702,25
CRC_GSE146771_10X,hvg_pca,S1_within_dataset,10,0.7730120647225714,0.07161945244960904,25
CRC_GSE146771_10X,scgpt,S1_within_dataset,10,0.8117100862558455,0.052224015050818265,25
CRC_GSE146771_10X,scvi,S1_within_dataset,10,0.7898274983184693,0.05648823769496115,25
HNSC_GSE103322,geneformer,S1_within_dataset,10,0.589618428089075,0.11637536114767758,25
HNSC_GSE103322,harmony,S1_within_dataset,10,0.6602979642158305,0.036871794297519724,25
HNSC_GSE103322,hvg_pca,S1_within_dataset,10,0.7055163018859121,0.0725046694884879,25
HNSC_GSE103322,scgpt,S1_within_dataset,10,0.6368729595532145,0.073742621290786,25
HNSC_GSE103322,scvi,S1_within_dataset,10,0.6741577425492816,0.08168694252006167,25
LIHC_GSE140228_10X,geneformer,S1_within_dataset,10,0.7513464040180982,0.04112494433539381,25
LIHC_GSE140228_10X,harmony,S1_within_dataset,10,0.6580629208496501,0.04133736511760774,25
LIHC_GSE140228_10X,hvg_pca,S1_within_dataset,10,0.7447257618165471,0.04953541775124293,25
LIHC_GSE140228_10X,scgpt,S1_within_dataset,10,0.7002839737338269,0.05642443356890895,25
LIHC_GSE140228_10X,scvi,S1_within_dataset,10,0.7595491743137686,0.04794164316632948,25
LIHC_GSE98638,geneformer,S1_within_dataset,10,0.5921264777360198,0.18444623248871234,25
LIHC_GSE98638,harmony,S1_within_dataset,10,0.606660418084929,0.06437258368925175,25
LIHC_GSE98638,hvg_pca,S1_within_dataset,10,0.6711308204074087,0.13801697311524977,25
LIHC_GSE98638,scgpt,S1_within_dataset,10,0.529835566813306,0.1731981515394613,25
LIHC_GSE98638,scvi,S1_within_dataset,10,0.682626695045073,0.07069137765864596,25
NSCLC_GSE127465,geneformer,S1_within_dataset,10,0.7721461374350603,0.030106998473541622,25
NSCLC_GSE127465,harmony,S1_within_dataset,10,0.664735722763586,0.02834370785544654,25
NSCLC_GSE127465,hvg_pca,S1_within_dataset,10,0.7630821176021505,0.0341670554211869,25
NSCLC_GSE127465,scgpt,S1_within_dataset,10,0.7557773318536677,0.03447154531416782,25
NSCLC_GSE127465,scvi,S1_within_dataset,10,0.7499032874619739,0.041273261945622995,25
NSCLC_GSE131907,geneformer,S1_within_dataset,10,0.7078362117160663,0.02341550398374654,25
NSCLC_GSE131907,harmony,S1_within_dataset,10,0.6213110019751334,0.020452476761521246,25
NSCLC_GSE131907,hvg_pca,S1_within_dataset,10,0.6809396153576617,0.026452610071115292,25
NSCLC_GSE131907,scgpt,S1_within_dataset,10,0.6910846425163379,0.025608514841643622,25
NSCLC_GSE131907,scvi,S1_within_dataset,10,0.6856125978456741,0.024227197757057166,25
PAAD_GSE111672,geneformer,S1_within_dataset,10,0.6667343165208783,0.06288120243929299,25
PAAD_GSE111672,harmony,S1_within_dataset,10,0.4863714411969594,0.05344152378595766,25
PAAD_GSE111672,hvg_pca,S1_within_dataset,10,0.6452518407892859,0.05325081692333686,25
PAAD_GSE111672,scgpt,S1_within_dataset,10,0.6551649309780335,0.07348832211375113,25
PAAD_GSE111672,scvi,S1_within_dataset,10,0.6763634480310181,0.0708232419509473,25
PAAD_GSE154778,geneformer,S1_within_dataset,10,0.5896172331970924,0.05539004450584555,25
PAAD_GSE154778,harmony,S1_within_dataset,10,0.4509637447609491,0.03875807490589514,25
PAAD_GSE154778,hvg_pca,S1_within_dataset,10,0.5503391420224798,0.07005662728403482,25
PAAD_GSE154778,scgpt,S1_within_dataset,10,0.5777052979706341,0.051105666398870896,25
PAAD_GSE154778,scvi,S1_within_dataset,10,0.5455724430303612,0.05672085665377289,25
STAD_GSE134520,geneformer,S1_within_dataset,10,0.6258088200036195,0.0831317935300938,25
STAD_GSE134520,harmony,S1_within_dataset,10,0.5688750898455188,0.02294031377175617,25
STAD_GSE134520,hvg_pca,S1_within_dataset,10,0.6566552685978669,0.03984127830873705,25
STAD_GSE134520,scgpt,S1_within_dataset,10,0.6717971189603957,0.05179447841434694,25
STAD_GSE134520,scvi,S1_within_dataset,10,0.6604433517564394,0.05194194915914565,25
BRCA_GSE161529,geneformer,S1_within_dataset,25,0.7451856155561961,0.0247949118926286,25
BRCA_GSE161529,harmony,S1_within_dataset,25,0.6312178926748743,0.013546512765396599,25
BRCA_GSE161529,hvg_pca,S1_within_dataset,25,0.6878489547305019,0.03558062392809699,25
BRCA_GSE161529,scgpt,S1_within_dataset,25,0.7329969274720277,0.021014820363387005,25
BRCA_GSE161529,scvi,S1_within_dataset,25,0.6991804588138554,0.02252800328658073,25
BRCA_GSE176078,geneformer,S1_within_dataset,25,0.7441817959657208,0.028391308051356465,25
BRCA_GSE176078,harmony,S1_within_dataset,25,0.6971961118901604,0.011801443888698552,25
BRCA_GSE176078,hvg_pca,S1_within_dataset,25,0.7629424877818005,0.023154977849946114,25
BRCA_GSE176078,scgpt,S1_within_dataset,25,0.7705815858487962,0.020864364690119472,25
BRCA_GSE176078,scvi,S1_within_dataset,25,0.7613951902154292,0.02073240057616028,25
CHOL_GSE125449_aPD1aPDL1aCTLA4,geneformer,S1_within_dataset,25,0.7651902154601659,0.04668764947453489,25
CHOL_GSE125449_aPD1aPDL1aCTLA4,harmony,S1_within_dataset,25,0.7179305634294544,0.015814040667535115,25
CHOL_GSE125449_aPD1aPDL1aCTLA4,hvg_pca,S1_within_dataset,25,0.7952400645469485,0.03897654089627243,25
CHOL_GSE125449_aPD1aPDL1aCTLA4,scgpt,S1_within_dataset,25,0.8047211290516155,0.035770094988063966,25
CHOL_GSE125449_aPD1aPDL1aCTLA4,scvi,S1_within_dataset,25,0.7820403051030341,0.04714604826479426,25
CRC_GSE108989,geneformer,S1_within_dataset,25,0.7865665225409996,0.0400419226827751,25
CRC_GSE108989,harmony,S1_within_dataset,25,0.7178611748085779,0.04047865894888919,25
CRC_GSE108989,hvg_pca,S1_within_dataset,25,0.8178305698797851,0.03929405398821029,25
CRC_GSE108989,scgpt,S1_within_dataset,25,0.7194646040834389,0.04734775071399099,25
CRC_GSE108989,scvi,S1_within_dataset,25,0.7745120690118437,0.05414513758387072,25
CRC_GSE146771_10X,geneformer,S1_within_dataset,25,0.9012816600316339,0.023413419664635667,25
CRC_GSE146771_10X,harmony,S1_within_dataset,25,0.75017297505892,0.025725828835715035,25
CRC_GSE146771_10X,hvg_pca,S1_within_dataset,25,0.8663386225860683,0.021097797071516863,25
CRC_GSE146771_10X,scgpt,S1_within_dataset,25,0.8679563028093783,0.03399477269157115,25
CRC_GSE146771_10X,scvi,S1_within_dataset,25,0.8367215322646503,0.03481589971903511,25
HNSC_GSE103322,geneformer,S1_within_dataset,25,0.6879083427015489,0.09540119364422721,25
HNSC_GSE103322,harmony,S1_within_dataset,25,0.7234428742851636,0.0270575636500481,25
HNSC_GSE103322,hvg_pca,S1_within_dataset,25,0.8006626490656815,0.026476113563098636,25
HNSC_GSE103322,scgpt,S1_within_dataset,25,0.7125690907902973,0.07308044253626358,25
HNSC_GSE103322,scvi,S1_within_dataset,25,0.7760162273571464,0.05263695628835815,25
LIHC_GSE140228_10X,geneformer,S1_within_dataset,25,0.8012134715058365,0.024522417174753623,25
LIHC_GSE140228_10X,harmony,S1_within_dataset,25,0.7501860191209214,0.030612434213394452,25
LIHC_GSE140228_10X,hvg_pca,S1_within_dataset,25,0.7969474524444852,0.02923584488791979,25
LIHC_GSE140228_10X,scgpt,S1_within_dataset,25,0.7553358685758121,0.03477829163625796,25
LIHC_GSE140228_10X,scvi,S1_within_dataset,25,0.8030155752026218,0.024174862906729086,25
LIHC_GSE98638,geneformer,S1_within_dataset,25,0.7645362692943865,0.046491394282017096,25
LIHC_GSE98638,harmony,S1_within_dataset,25,0.6870389548525978,0.04146024838357676,25
LIHC_GSE98638,hvg_pca,S1_within_dataset,25,0.773579106812998,0.03690305692007149,25
LIHC_GSE98638,scgpt,S1_within_dataset,25,0.7134955171150517,0.05840493778258524,25
LIHC_GSE98638,scvi,S1_within_dataset,25,0.7188783851749253,0.05805031829135331,25
NSCLC_GSE127465,geneformer,S1_within_dataset,25,0.8143322365500093,0.016246418240096133,25
NSCLC_GSE127465,harmony,S1_within_dataset,25,0.7470135384579559,0.018100180065150715,25
NSCLC_GSE127465,hvg_pca,S1_within_dataset,25,0.8026440912415758,0.024531694453494016,25
NSCLC_GSE127465,scgpt,S1_within_dataset,25,0.805636540083483,0.018004065739973728,25
NSCLC_GSE127465,scvi,S1_within_dataset,25,0.7812474764785139,0.02265176606181804,25
NSCLC_GSE131907,geneformer,S1_within_dataset,25,0.7295254834936223,0.019263401572914035,25
NSCLC_GSE131907,harmony,S1_within_dataset,25,0.6633331013570456,0.017955716441277362,25
NSCLC_GSE131907,hvg_pca,S1_within_dataset,25,0.715090144733602,0.01808186617814167,25
NSCLC_GSE131907,scgpt,S1_within_dataset,25,0.7222252518368323,0.019193804301022785,25
NSCLC_GSE131907,scvi,S1_within_dataset,25,0.7074251954219157,0.02392991440499371,25
PAAD_GSE111672,geneformer,S1_within_dataset,25,0.6945572834941229,0.06486187843983152,25
PAAD_GSE111672,harmony,S1_within_dataset,25,0.5417126706285912,0.0512666516396735,25
PAAD_GSE111672,hvg_pca,S1_within_dataset,25,0.6839757514854393,0.0471875765832338,25
PAAD_GSE111672,scgpt,S1_within_dataset,25,0.6886992503820686,0.06523611490698233,25
PAAD_GSE111672,scvi,S1_within_dataset,25,0.7235159737514911,0.0675980238677519,25
PAAD_GSE154778,geneformer,S1_within_dataset,25,0.6132635864305187,0.046154152107448915,25
PAAD_GSE154778,harmony,S1_within_dataset,25,0.5146130547595207,0.02527829627311957,25
PAAD_GSE154778,hvg_pca,S1_within_dataset,25,0.6219280205187226,0.029942750780367396,25
PAAD_GSE154778,scgpt,S1_within_dataset,25,0.6147858633535603,0.038046867476406766,25
PAAD_GSE154778,scvi,S1_within_dataset,25,0.5948972587121609,0.03985305904766887,25
STAD_GSE134520,geneformer,S1_within_dataset,25,0.6683331933370147,0.0684469044139169,25
STAD_GSE134520,harmony,S1_within_dataset,25,0.6120164642051917,0.017302380683021347,25
STAD_GSE134520,hvg_pca,S1_within_dataset,25,0.7175078174943949,0.027275880089441172,25
STAD_GSE134520,scgpt,S1_within_dataset,25,0.7233037357384867,0.037197125204744566,25
STAD_GSE134520,scvi,S1_within_dataset,25,0.6978534470368557,0.034020671085115445,25
BRCA_GSE161529,geneformer,S1_within_dataset,50,0.7962894806832742,0.018404056448919386,25
BRCA_GSE161529,harmony,S1_within_dataset,50,0.6665301882920046,0.0139727390353862,25
BRCA_GSE161529,hvg_pca,S1_within_dataset,50,0.7356778636549735,0.02213407021153038,25
BRCA_GSE161529,scgpt,S1_within_dataset,50,0.7743338635613592,0.02015546659193665,25
BRCA_GSE161529,scvi,S1_within_dataset,50,0.7221755540218464,0.012805967447967137,25
BRCA_GSE176078,geneformer,S1_within_dataset,50,0.7712192411431321,0.01644685331717095,25
BRCA_GSE176078,harmony,S1_within_dataset,50,0.7138627095816992,0.012088372359658175,25
BRCA_GSE176078,hvg_pca,S1_within_dataset,50,0.7844243138147041,0.018359938984760824,25
BRCA_GSE176078,scgpt,S1_within_dataset,50,0.7956307873615951,0.015410533512077027,25
BRCA_GSE176078,scvi,S1_within_dataset,50,0.7730807572764112,0.01727193377626761,25
CHOL_GSE125449_aPD1aPDL1aCTLA4,geneformer,S1_within_dataset,50,0.7814011039094918,0.03955446706044856,25
CHOL_GSE125449_aPD1aPDL1aCTLA4,harmony,S1_within_dataset,50,0.746357698082417,0.018539563947146474,25
CHOL_GSE125449_aPD1aPDL1aCTLA4,hvg_pca,S1_within_dataset,50,0.8130320109318656,0.028971611637059736,25
CHOL_GSE125449_aPD1aPDL1aCTLA4,scgpt,S1_within_dataset,50,0.8209600168390676,0.022832503431396107,25
CHOL_GSE125449_aPD1aPDL1aCTLA4,scvi,S1_within_dataset,50,0.7923509711270623,0.02797392892154212,25
CRC_GSE108989,geneformer,S1_within_dataset,50,0.8090331883954814,0.04366402297934102,25
CRC_GSE108989,harmony,S1_within_dataset,50,0.7479159465702293,0.047869806218099394,25
CRC_GSE108989,hvg_pca,S1_within_dataset,50,0.8350307549009846,0.03759394705412696,25
CRC_GSE108989,scgpt,S1_within_dataset,50,0.7474031997725489,0.046192783924929454,25
CRC_GSE108989,scvi,S1_within_dataset,50,0.8031391445121498,0.037353805253417915,25
CRC_GSE146771_10X,geneformer,S1_within_dataset,50,0.9005723544480355,0.026903814632939484,25
CRC_GSE146771_10X,harmony,S1_within_dataset,50,0.7781724683811881,0.019863292445322325,25
CRC_GSE146771_10X,hvg_pca,S1_within_dataset,50,0.8749735293345309,0.012083632393742525,25
CRC_GSE146771_10X,scgpt,S1_within_dataset,50,0.8832536821921373,0.016858087417600996,25
CRC_GSE146771_10X,scvi,S1_within_dataset,50,0.8636244683700361,0.0169318744795251,25
HNSC_GSE103322,geneformer,S1_within_dataset,50,0.7446981101068297,0.053028544001532577,25
HNSC_GSE103322,harmony,S1_within_dataset,50,0.7364512423767151,0.02871613370204827,25
HNSC_GSE103322,hvg_pca,S1_within_dataset,50,0.8015032403317446,0.026412525637176092,25
HNSC_GSE103322,scgpt,S1_within_dataset,50,0.7436779571384559,0.043196605188012376,25
HNSC_GSE103322,scvi,S1_within_dataset,50,0.7765085310796584,0.025936909364483306,25
LIHC_GSE140228_10X,geneformer,S1_within_dataset,50,0.8177632119912167,0.025723934600067284,25
LIHC_GSE140228_10X,harmony,S1_within_dataset,50,0.7767880285543198,0.01384891052260897,25
LIHC_GSE140228_10X,hvg_pca,S1_within_dataset,50,0.8236641625646612,0.01955529221922846,25
LIHC_GSE140228_10X,scgpt,S1_within_dataset,50,0.7964851141479776,0.027724770112874414,25
LIHC_GSE140228_10X,scvi,S1_within_dataset,50,0.8257372233254933,0.014864314109087451,25
LIHC_GSE98638,geneformer,S1_within_dataset,50,0.7830045825666038,0.03198901717917079,25
LIHC_GSE98638,harmony,S1_within_dataset,50,0.7162459429568797,0.047338269405500386,25
LIHC_GSE98638,hvg_pca,S1_within_dataset,50,0.7874815756454105,0.037155784148474,25
LIHC_GSE98638,scgpt,S1_within_dataset,50,0.7224042159376038,0.04026760185380965,25
LIHC_GSE98638,scvi,S1_within_dataset,50,0.7498162358005784,0.040490812307262564,25
NSCLC_GSE127465,geneformer,S1_within_dataset,50,0.8440595418932378,0.01878377681890452,25
NSCLC_GSE127465,harmony,S1_within_dataset,50,0.7763337701910515,0.013775090137471727,25
NSCLC_GSE127465,hvg_pca,S1_within_dataset,50,0.8365618977864634,0.013774601137191395,25
NSCLC_GSE127465,scgpt,S1_within_dataset,50,0.8380390568271203,0.01603336960618241,25
NSCLC_GSE127465,scvi,S1_within_dataset,50,0.8085807497406374,0.01783581774994534,25
NSCLC_GSE131907,geneformer,S1_within_dataset,50,0.7549979258566357,0.013561453705899083,25
NSCLC_GSE131907,harmony,S1_within_dataset,50,0.6811852728452514,0.00883577159798331,25
NSCLC_GSE131907,hvg_pca,S1_within_dataset,50,0.7323440207204495,0.013707544530623181,25
NSCLC_GSE131907,scgpt,S1_within_dataset,50,0.7444952899686348,0.010903512538864043,25
NSCLC_GSE131907,scvi,S1_within_dataset,50,0.7246982242304347,0.012518489762657466,25
PAAD_GSE111672,geneformer,S1_within_dataset,50,0.7257877652890034,0.05835845470276722,25
PAAD_GSE111672,harmony,S1_within_dataset,50,0.5605061492087807,0.0572881686508504,25
PAAD_GSE111672,hvg_pca,S1_within_dataset,50,0.7046935862971005,0.06151528773981163,25
PAAD_GSE111672,scgpt,S1_within_dataset,50,0.73085689651923,0.05581428824269921,25
PAAD_GSE111672,scvi,S1_within_dataset,50,0.7458298138646784,0.06311240849975114,25
PAAD_GSE154778,geneformer,S1_within_dataset,50,0.6626300366605967,0.03539414382049323,25
PAAD_GSE154778,harmony,S1_within_dataset,50,0.5327740580566982,0.02598546372074208,25
PAAD_GSE154778,hvg_pca,S1_within_dataset,50,0.6633351335847604,0.030070066482110403,25
PAAD_GSE154778,scgpt,S1_within_dataset,50,0.6506681339873837,0.026128581234963567,25
PAAD_GSE154778,scvi,S1_within_dataset,50,0.632096020152448,0.038581580380664775,25
STAD_GSE134520,geneformer,S1_within_dataset,50,0.6894299174791882,0.06436422282292913,25
STAD_GSE134520,harmony,S1_within_dataset,50,0.6284773648464603,0.02086523340543899,25
STAD_GSE134520,hvg_pca,S1_within_dataset,50,0.7294252926669271,0.02486384083794986,25
STAD_GSE134520,scgpt,S1_within_dataset,50,0.7186689285391102,0.042498867417676146,25
STAD_GSE134520,scvi,S1_within_dataset,50,0.7096759560893955,0.02523365209988154,25
BRCA_GSE161529,geneformer,S1_within_dataset,100,0.8120427014050057,0.014531283339706236,25
BRCA_GSE161529,harmony,S1_within_dataset,100,0.6715913668350011,0.009135048532249652,25
BRCA_GSE161529,hvg_pca,S1_within_dataset,100,0.7478321038459795,0.015828678119043583,25
BRCA_GSE161529,scgpt,S1_within_dataset,100,0.7824198515714555,0.014096863208452111,25
BRCA_GSE161529,scvi,S1_within_dataset,100,0.7199325630990443,0.009957643284105634,25
BRCA_GSE176078,geneformer,S1_within_dataset,100,0.7914723588273492,0.013014411579368536,25
BRCA_GSE176078,harmony,S1_within_dataset,100,0.7255950098752766,0.011078750319673994,25
BRCA_GSE176078,hvg_pca,S1_within_dataset,100,0.8046819330201231,0.013476203089840525,25
BRCA_GSE176078,scgpt,S1_within_dataset,100,0.8191163119562447,0.014304548912009949,25
BRCA_GSE176078,scvi,S1_within_dataset,100,0.7891766114157407,0.01472098733786677,25
CHOL_GSE125449_aPD1aPDL1aCTLA4,geneformer,S1_within_dataset,100,0.7747069400110493,0.036367370258437615,25
CHOL_GSE125449_aPD1aPDL1aCTLA4,harmony,S1_within_dataset,100,0.7609796000367993,0.017922047699520542,25
CHOL_GSE125449_aPD1aPDL1aCTLA4,hvg_pca,S1_within_dataset,100,0.8299931216124612,0.025795719582451356,25
CHOL_GSE125449_aPD1aPDL1aCTLA4,scgpt,S1_within_dataset,100,0.8331241969307039,0.03210803250398492,25
CHOL_GSE125449_aPD1aPDL1aCTLA4,scvi,S1_within_dataset,100,0.8054178612190442,0.024950596979386234,25
CRC_GSE108989,geneformer,S1_within_dataset,100,0.8253726115817163,0.035753198245480275,25
CRC_GSE108989,harmony,S1_within_dataset,100,0.7689414938594525,0.02131413680098783,25
CRC_GSE108989,hvg_pca,S1_within_dataset,100,0.8573628439623526,0.022225951552637107,25
CRC_GSE108989,scgpt,S1_within_dataset,100,0.8004714086450706,0.02059501417607431,25
CRC_GSE108989,scvi,S1_within_dataset,100,0.8131179774973202,0.024267021703793676,25
CRC_GSE146771_10X,geneformer,S1_within_dataset,100,0.9197354601726292,0.008939940323359038,25
CRC_GSE146771_10X,harmony,S1_within_dataset,100,0.8027538104876042,0.011730114614118286,25
CRC_GSE146771_10X,hvg_pca,S1_within_dataset,100,0.8862603706093897,0.009604528940837508,25
CRC_GSE146771_10X,scgpt,S1_within_dataset,100,0.8929546288524902,0.012797975736139323,25
CRC_GSE146771_10X,scvi,S1_within_dataset,100,0.8767654555286059,0.009888320551984133,25
HNSC_GSE103322,geneformer,S1_within_dataset,100,0.7998980197692431,0.031245684668320717,25
HNSC_GSE103322,harmony,S1_within_dataset,100,0.7535768892590826,0.01595152000271165,25
HNSC_GSE103322,hvg_pca,S1_within_dataset,100,0.8260633188713462,0.019330844743481488,25
HNSC_GSE103322,scgpt,S1_within_dataset,100,0.7458774068913121,0.0530430984532783,25
HNSC_GSE103322,scvi,S1_within_dataset,100,0.7969692006589532,0.024213806335991964,25
LIHC_GSE140228_10X,geneformer,S1_within_dataset,100,0.8450105580174039,0.014175836290980662,25
LIHC_GSE140228_10X,harmony,S1_within_dataset,100,0.8011723487115193,0.009837532951909284,25
LIHC_GSE140228_10X,hvg_pca,S1_within_dataset,100,0.8358108348661637,0.012207738854453658,25
LIHC_GSE140228_10X,scgpt,S1_within_dataset,100,0.8321647153861541,0.016420703879866824,25
LIHC_GSE140228_10X,scvi,S1_within_dataset,100,0.8385190187113426,0.009574612982112561,25
LIHC_GSE98638,geneformer,S1_within_dataset,100,0.7947195376563339,0.028722094098573972,25
LIHC_GSE98638,harmony,S1_within_dataset,100,0.7385574898135708,0.026824553619501625,25
LIHC_GSE98638,hvg_pca,S1_within_dataset,100,0.8090603524388559,0.029838201407572203,25
LIHC_GSE98638,scgpt,S1_within_dataset,100,0.7700725933026569,0.025213962789144482,25
LIHC_GSE98638,scvi,S1_within_dataset,100,0.7660749096321076,0.034821646730946614,25
NSCLC_GSE127465,geneformer,S1_within_dataset,100,0.8371349122125562,0.023070041560464213,25
NSCLC_GSE127465,harmony,S1_within_dataset,100,0.7904221889661334,0.011997631575480297,25
NSCLC_GSE127465,hvg_pca,S1_within_dataset,100,0.8296217711404599,0.02843189050045419,25
NSCLC_GSE127465,scgpt,S1_within_dataset,100,0.827689398544945,0.02881417795329211,25
NSCLC_GSE127465,scvi,S1_within_dataset,100,0.8113221165448431,0.014911501948367547,25
NSCLC_GSE131907,geneformer,S1_within_dataset,100,0.7742395565212098,0.013189516743641824,25
NSCLC_GSE131907,harmony,S1_within_dataset,100,0.6898302542135911,0.010333994613157167,25
NSCLC_GSE131907,hvg_pca,S1_within_dataset,100,0.7451143896549358,0.012736273332001327,25
NSCLC_GSE131907,scgpt,S1_within_dataset,100,0.7668319248325455,0.014070987583407264,25
NSCLC_GSE131907,scvi,S1_within_dataset,100,0.7404869606998943,0.010443869191403417,25
PAAD_GSE111672,geneformer,S1_within_dataset,100,0.7487612386658229,0.05602277337136712,25
PAAD_GSE111672,harmony,S1_within_dataset,100,0.5851742778022537,0.05105623720459611,25
PAAD_GSE111672,hvg_pca,S1_within_dataset,100,0.7196116611050634,0.05011573826806524,25
PAAD_GSE111672,scgpt,S1_within_dataset,100,0.7343774353669141,0.06144534919463982,25
PAAD_GSE111672,scvi,S1_within_dataset,100,0.7693183550045025,0.05683479552968135,25
PAAD_GSE154778,geneformer,S1_within_dataset,100,0.692576072481465,0.019138397092778578,25
PAAD_GSE154778,harmony,S1_within_dataset,100,0.5471580053929906,0.021619755712639424,25
PAAD_GSE154778,hvg_pca,S1_within_dataset,100,0.6871190328280491,0.02408980143369418,25
PAAD_GSE154778,scgpt,S1_within_dataset,100,0.6789143944489183,0.02539517122743278,25
PAAD_GSE154778,scvi,S1_within_dataset,100,0.6458257154042054,0.02979491773130447,25
STAD_GSE134520,geneformer,S1_within_dataset,100,0.7189482606915996,0.06081989054944843,25
STAD_GSE134520,harmony,S1_within_dataset,100,0.6306375729980833,0.017571610412957475,25
STAD_GSE134520,hvg_pca,S1_within_dataset,100,0.7377453473948391,0.028668675457416016,25
STAD_GSE134520,scgpt,S1_within_dataset,100,0.7519107395055351,0.0360919076693378,25
STAD_GSE134520,scvi,S1_within_dataset,100,0.7195736683799506,0.021574817021138618,25
BRCA_GSE161529,geneformer,S1_within_dataset,all,0.8977042837283118,0.0032731575879432926,25
BRCA_GSE161529,harmony,S1_within_dataset,all,0.7171628206647265,0.0072686694385812635,10
BRCA_GSE161529,hvg_pca,S1_within_dataset,all,0.8241658471209468,0.005394587591852134,25
BRCA_GSE161529,scgpt,S1_within_dataset,all,0.8946252775932266,0.0017049057997170127,25
BRCA_GSE161529,scvi,S1_within_dataset,all,0.7521246802537421,0.007615888879398986,10
BRCA_GSE176078,geneformer,S1_within_dataset,all,0.8755807445115722,0.004931812664649406,25
BRCA_GSE176078,harmony,S1_within_dataset,all,0.7491857252066908,0.006309933806013437,10
BRCA_GSE176078,hvg_pca,S1_within_dataset,all,0.8477016375310132,0.006158544800365211,25
BRCA_GSE176078,scgpt,S1_within_dataset,all,0.9101063829989207,0.0036300989089234114,25
BRCA_GSE176078,scvi,S1_within_dataset,all,0.8119549447751725,0.007366169802686905,10
CHOL_GSE125449_aPD1aPDL1aCTLA4,geneformer,S1_within_dataset,all,0.8870096953451544,0.011796969840225905,25
CHOL_GSE125449_aPD1aPDL1aCTLA4,harmony,S1_within_dataset,all,0.7856447190690901,0.009672462556631069,10
CHOL_GSE125449_aPD1aPDL1aCTLA4,hvg_pca,S1_within_dataset,all,0.8513775370652124,0.0067758669861756994,25
CHOL_GSE125449_aPD1aPDL1aCTLA4,scgpt,S1_within_dataset,all,0.9016303730824516,0.00832557095286602,25
CHOL_GSE125449_aPD1aPDL1aCTLA4,scvi,S1_within_dataset,all,0.8130083025560209,0.015559499027184879,10
CRC_GSE108989,geneformer,S1_within_dataset,all,0.9074711878135635,0.0017775357352105778,25
CRC_GSE108989,harmony,S1_within_dataset,all,0.8101002618132591,0.0070669832909980084,10
CRC_GSE108989,hvg_pca,S1_within_dataset,all,0.8808598573154157,0.011909021252672408,25
CRC_GSE108989,scgpt,S1_within_dataset,all,0.8860451053592928,0.0051380564071039055,25
CRC_GSE108989,scvi,S1_within_dataset,all,0.8214147965365098,0.009605037096562755,10
CRC_GSE146771_10X,geneformer,S1_within_dataset,all,0.9490102598235639,0.004207620252567386,25
CRC_GSE146771_10X,harmony,S1_within_dataset,all,0.8271404766938183,0.0039806250582144955,10
CRC_GSE146771_10X,hvg_pca,S1_within_dataset,all,0.9010157753373796,0.0046492930001035436,25
CRC_GSE146771_10X,scgpt,S1_within_dataset,all,0.9356788001108656,0.00394303466031115,25
CRC_GSE146771_10X,scvi,S1_within_dataset,all,0.8841365630075109,0.004095611950817488,10
HNSC_GSE103322,geneformer,S1_within_dataset,all,0.8854036221361562,0.01063521405700294,25
HNSC_GSE103322,harmony,S1_within_dataset,all,0.7682039946807657,0.020856007340699683,10
HNSC_GSE103322,hvg_pca,S1_within_dataset,all,0.8403404381374605,0.0114029365181636,25
HNSC_GSE103322,scgpt,S1_within_dataset,all,0.893819302367532,0.01333883443401808,25
HNSC_GSE103322,scvi,S1_within_dataset,all,0.7909330984336301,0.03570181422044743,10
LIHC_GSE140228_10X,geneformer,S1_within_dataset,all,0.9043353703217345,0.003783257709937639,25
LIHC_GSE140228_10X,harmony,S1_within_dataset,all,0.8287244356603838,0.005475404607117583,10
LIHC_GSE140228_10X,hvg_pca,S1_within_dataset,all,0.8662990669779173,0.004128899234871302,25
LIHC_GSE140228_10X,scgpt,S1_within_dataset,all,0.9200177845875055,0.0035358392373568146,25
LIHC_GSE140228_10X,scvi,S1_within_dataset,all,0.856750280785975,0.004500359055763442,10
LIHC_GSE98638,geneformer,S1_within_dataset,all,0.8940060773045352,0.007644699484039142,25
LIHC_GSE98638,harmony,S1_within_dataset,all,0.7814292958611742,0.005343761691586197,10
LIHC_GSE98638,hvg_pca,S1_within_dataset,all,0.839851770835665,0.006079591911826387,25
LIHC_GSE98638,scgpt,S1_within_dataset,all,0.8576125161314829,0.00759293329394888,25
LIHC_GSE98638,scvi,S1_within_dataset,all,0.7774260441288678,0.015522097537994788,10
NSCLC_GSE127465,geneformer,S1_within_dataset,all,0.8840100528182888,0.002723940324083433,25
NSCLC_GSE127465,harmony,S1_within_dataset,all,0.8263170201071256,0.0029842496326802385,10
NSCLC_GSE127465,hvg_pca,S1_within_dataset,all,0.8631467766155251,0.0027794262577052397,25
NSCLC_GSE127465,scgpt,S1_within_dataset,all,0.9048134799732296,0.004663716216013655,25
NSCLC_GSE127465,scvi,S1_within_dataset,all,0.8265114654908496,0.004806374210540886,10
NSCLC_GSE131907,geneformer,S1_within_dataset,all,0.8413145005555642,0.005454868050571308,25
NSCLC_GSE131907,harmony,S1_within_dataset,all,0.7101431027697485,0.0029265142259225544,10
NSCLC_GSE131907,hvg_pca,S1_within_dataset,all,0.7837777586009099,0.002737150093293123,25
NSCLC_GSE131907,scgpt,S1_within_dataset,all,0.8433641358998966,0.005499275578655623,25
NSCLC_GSE131907,scvi,S1_within_dataset,all,0.7664104936780325,0.002086597525679879,10
PAAD_GSE111672,geneformer,S1_within_dataset,all,0.8534336128212123,0.023676817875976405,25
PAAD_GSE111672,harmony,S1_within_dataset,all,0.7059902580339724,0.04937130094281242,10
PAAD_GSE111672,hvg_pca,S1_within_dataset,all,0.7889326449805253,0.033238641121318586,25
PAAD_GSE111672,scgpt,S1_within_dataset,all,0.8776593886602232,0.030881186490910154,25
PAAD_GSE111672,scvi,S1_within_dataset,all,0.8067127705086771,0.03728410654222023,10
PAAD_GSE154778,geneformer,S1_within_dataset,all,0.8159772833085539,0.0031783828910871394,25
PAAD_GSE154778,harmony,S1_within_dataset,all,0.578038164636346,0.01133972381058405,10
PAAD_GSE154778,hvg_pca,S1_within_dataset,all,0.7220529402554834,0.007854464397932533,25
PAAD_GSE154778,scgpt,S1_within_dataset,all,0.7757984007363453,0.018864261696610485,25
PAAD_GSE154778,scvi,S1_within_dataset,all,0.6684024844517,0.019628433103173807,10
STAD_GSE134520,geneformer,S1_within_dataset,all,0.9293415434766227,0.007157883983174376,25
STAD_GSE134520,harmony,S1_within_dataset,all,0.6564934173405467,0.013128908619540296,10
STAD_GSE134520,hvg_pca,S1_within_dataset,all,0.8477068144803469,0.0077174118695238275,25
STAD_GSE134520,scgpt,S1_within_dataset,all,0.9267553425666769,0.010749394320944126,25
STAD_GSE134520,scvi,S1_within_dataset,all,0.7530534402973538,0.007993959086696326,10
BRCA_GSE161529,geneformer,S2_leave_donor_out,5,0.6034281341857096,0.05758703839873656,25
BRCA_GSE161529,harmony,S2_leave_donor_out,5,0.4707047204638801,0.03919833743995071,25
BRCA_GSE161529,hvg_pca,S2_leave_donor_out,5,0.5088934135152217,0.07161653477907068,25
BRCA_GSE161529,scgpt,S2_leave_donor_out,5,0.5711517040906208,0.056522512474940924,25
BRCA_GSE161529,scvi,S2_leave_donor_out,5,0.5797149146299084,0.05080390245819465,25
BRCA_GSE176078,geneformer,S2_leave_donor_out,5,0.6232601199355307,0.06282291850501921,25
BRCA_GSE176078,harmony,S2_leave_donor_out,5,0.5649784433397576,0.029243834033400622,25
BRCA_GSE176078,hvg_pca,S2_leave_donor_out,5,0.600581402995518,0.06449382971116527,25
BRCA_GSE176078,scgpt,S2_leave_donor_out,5,0.6664290758172892,0.04610829791621983,25
BRCA_GSE176078,scvi,S2_leave_donor_out,5,0.6411451748391177,0.04808744584137368,25
CHOL_GSE125449_aPD1aPDL1aCTLA4,geneformer,S2_leave_donor_out,5,0.5851314612897275,0.08975472136488671,25
CHOL_GSE125449_aPD1aPDL1aCTLA4,harmony,S2_leave_donor_out,5,0.41061775842362996,0.06080833408076893,25
CHOL_GSE125449_aPD1aPDL1aCTLA4,hvg_pca,S2_leave_donor_out,5,0.5410441141718322,0.07354932259779895,25
CHOL_GSE125449_aPD1aPDL1aCTLA4,scgpt,S2_leave_donor_out,5,0.5624186565866193,0.10059454161414183,25
CHOL_GSE125449_aPD1aPDL1aCTLA4,scvi,S2_leave_donor_out,5,0.4912003505176397,0.07058106855254076,25
CRC_GSE108989,geneformer,S2_leave_donor_out,5,0.5942377618513247,0.14976255333912247,25
CRC_GSE108989,harmony,S2_leave_donor_out,5,0.5878963376439376,0.08633694699576466,25
CRC_GSE108989,hvg_pca,S2_leave_donor_out,5,0.6908911711238679,0.09352155374971047,25
CRC_GSE108989,scgpt,S2_leave_donor_out,5,0.4604204833976188,0.1423207125728657,25
CRC_GSE108989,scvi,S2_leave_donor_out,5,0.644536503755491,0.10467384103011451,25
CRC_GSE146771_10X,geneformer,S2_leave_donor_out,5,0.6412493308630353,0.15721305379128336,25
CRC_GSE146771_10X,harmony,S2_leave_donor_out,5,0.583786795697332,0.06904431014009688,25
CRC_GSE146771_10X,hvg_pca,S2_leave_donor_out,5,0.7520050460097736,0.09221111686743652,25
CRC_GSE146771_10X,scgpt,S2_leave_donor_out,5,0.6603124767493547,0.12004039928182547,25
CRC_GSE146771_10X,scvi,S2_leave_donor_out,5,0.7316705249299631,0.07837365077673357,25
HNSC_GSE103322,geneformer,S2_leave_donor_out,5,0.4081008468535141,0.1402015997277368,25
HNSC_GSE103322,harmony,S2_leave_donor_out,5,0.5658415406853687,0.0725501678069305,25
HNSC_GSE103322,hvg_pca,S2_leave_donor_out,5,0.633826659190361,0.08695704875959974,25
HNSC_GSE103322,scgpt,S2_leave_donor_out,5,0.49845680228675365,0.07971200925081084,25
HNSC_GSE103322,scvi,S2_leave_donor_out,5,0.6367385350984486,0.09232992751467976,25
LIHC_GSE140228_10X,geneformer,S2_leave_donor_out,5,0.6380881895090296,0.06364987103624918,25
LIHC_GSE140228_10X,harmony,S2_leave_donor_out,5,0.5032533840433276,0.05092200883094504,25
LIHC_GSE140228_10X,hvg_pca,S2_leave_donor_out,5,0.6443352953225852,0.07031535746910708,25
LIHC_GSE140228_10X,scgpt,S2_leave_donor_out,5,0.48102381650258097,0.09944251123764379,25
LIHC_GSE140228_10X,scvi,S2_leave_donor_out,5,0.6647282376424661,0.053878784350970446,25
LIHC_GSE98638,geneformer,S2_leave_donor_out,5,0.562550514503623,0.1921751912062751,25
LIHC_GSE98638,harmony,S2_leave_donor_out,5,0.49550924239485966,0.19283826476992658,25
LIHC_GSE98638,hvg_pca,S2_leave_donor_out,5,0.618673693530935,0.2076870926223336,25
LIHC_GSE98638,scgpt,S2_leave_donor_out,5,0.4566039362544005,0.22078975747636265,25
LIHC_GSE98638,scvi,S2_leave_donor_out,5,0.5817524145155112,0.18877695038715853,25
NSCLC_GSE127465,geneformer,S2_leave_donor_out,5,0.7031732094740696,0.04266627119705302,25
NSCLC_GSE127465,harmony,S2_leave_donor_out,5,0.5233501533162416,0.04414800715313591,25
NSCLC_GSE127465,hvg_pca,S2_leave_donor_out,5,0.6727255431499004,0.06285535363515256,25
NSCLC_GSE127465,scgpt,S2_leave_donor_out,5,0.6789537431726955,0.05800192045340575,25
NSCLC_GSE127465,scvi,S2_leave_donor_out,5,0.6648317550327387,0.05812314969475403,25
NSCLC_GSE131907,geneformer,S2_leave_donor_out,5,0.6549034695840225,0.050405323334065354,25
NSCLC_GSE131907,harmony,S2_leave_donor_out,5,0.5589166294162458,0.04190224110143298,25
NSCLC_GSE131907,hvg_pca,S2_leave_donor_out,5,0.6521339275557148,0.056490048142037834,25
NSCLC_GSE131907,scgpt,S2_leave_donor_out,5,0.6367733667964486,0.04328477440921831,25
NSCLC_GSE131907,scvi,S2_leave_donor_out,5,0.6341827151583304,0.05507499006391478,25
PAAD_GSE111672,geneformer,S2_leave_donor_out,5,0.6044418702412269,0.07434204606863962,25
PAAD_GSE111672,harmony,S2_leave_donor_out,5,0.3854414970954318,0.05060195733225675,25
PAAD_GSE111672,hvg_pca,S2_leave_donor_out,5,0.5697088501089634,0.0966152266122513,25
PAAD_GSE111672,scgpt,S2_leave_donor_out,5,0.5676540456818369,0.10554414197601669,25
PAAD_GSE111672,scvi,S2_leave_donor_out,5,0.5757525295974184,0.09997604982164386,25
PAAD_GSE154778,geneformer,S2_leave_donor_out,5,0.46822999841942997,0.09097329272435217,25
PAAD_GSE154778,harmony,S2_leave_donor_out,5,0.34485163773176164,0.06349906734156431,25
PAAD_GSE154778,hvg_pca,S2_leave_donor_out,5,0.43270100309835263,0.08423716695978258,25
PAAD_GSE154778,scgpt,S2_leave_donor_out,5,0.47171663151793053,0.07315283284719895,25
PAAD_GSE154778,scvi,S2_leave_donor_out,5,0.4589734880319655,0.08147239325731578,25
STAD_GSE134520,geneformer,S2_leave_donor_out,5,0.5989231134985881,0.08132722030064046,25
STAD_GSE134520,harmony,S2_leave_donor_out,5,0.5765318544866652,0.03152184466661295,25
STAD_GSE134520,hvg_pca,S2_leave_donor_out,5,0.6632199867018178,0.053519555527745094,25
STAD_GSE134520,scgpt,S2_leave_donor_out,5,0.6466718645026855,0.06977678647894306,25
STAD_GSE134520,scvi,S2_leave_donor_out,5,0.6500951884451547,0.039217334541996336,25
BRCA_GSE161529,geneformer,S2_leave_donor_out,10,0.6803356705680411,0.053471540821658836,25
BRCA_GSE161529,harmony,S2_leave_donor_out,10,0.5386718505371217,0.04264725329548066,25
BRCA_GSE161529,hvg_pca,S2_leave_donor_out,10,0.6020136253565451,0.07106184323583754,25
BRCA_GSE161529,scgpt,S2_leave_donor_out,10,0.6545686141433257,0.0516301435165927,25
BRCA_GSE161529,scvi,S2_leave_donor_out,10,0.6450298067864036,0.04458736152514127,25
BRCA_GSE176078,geneformer,S2_leave_donor_out,10,0.6842029056344744,0.04793982667435601,25
BRCA_GSE176078,harmony,S2_leave_donor_out,10,0.6210689382741983,0.024983684555858404,25
BRCA_GSE176078,hvg_pca,S2_leave_donor_out,10,0.6668969357320972,0.05750000054062747,25
BRCA_GSE176078,scgpt,S2_leave_donor_out,10,0.7060317936080461,0.04578572716633281,25
BRCA_GSE176078,scvi,S2_leave_donor_out,10,0.683365366991907,0.04358696610833918,25
CHOL_GSE125449_aPD1aPDL1aCTLA4,geneformer,S2_leave_donor_out,10,0.5530049483270442,0.08200788516631045,25
CHOL_GSE125449_aPD1aPDL1aCTLA4,harmony,S2_leave_donor_out,10,0.4748505395655126,0.04028307483639136,25
CHOL_GSE125449_aPD1aPDL1aCTLA4,hvg_pca,S2_leave_donor_out,10,0.5550008189972953,0.0795424512544206,25
CHOL_GSE125449_aPD1aPDL1aCTLA4,scgpt,S2_leave_donor_out,10,0.5953083781024681,0.08071236003228667,25
CHOL_GSE125449_aPD1aPDL1aCTLA4,scvi,S2_leave_donor_out,10,0.5338379519281744,0.08963743510620265,25
CRC_GSE108989,geneformer,S2_leave_donor_out,10,0.5689583047227322,0.2206859444143886,25
CRC_GSE108989,harmony,S2_leave_donor_out,10,0.614221045041492,0.0801795779785499,25
CRC_GSE108989,hvg_pca,S2_leave_donor_out,10,0.7004316777430923,0.11040899017314969,25
CRC_GSE108989,scgpt,S2_leave_donor_out,10,0.5050766651080536,0.17398907335791808,25
CRC_GSE108989,scvi,S2_leave_donor_out,10,0.7021199864747374,0.0763214590892105,25
CRC_GSE146771_10X,geneformer,S2_leave_donor_out,10,0.7543128655534407,0.11475649407155021,25
CRC_GSE146771_10X,harmony,S2_leave_donor_out,10,0.660234898735583,0.058276236003115274,25
CRC_GSE146771_10X,hvg_pca,S2_leave_donor_out,10,0.7771486279784091,0.06240857357894144,25
CRC_GSE146771_10X,scgpt,S2_leave_donor_out,10,0.7673874153435262,0.07326916860949821,25
CRC_GSE146771_10X,scvi,S2_leave_donor_out,10,0.7678137693943254,0.06709909314668738,25
HNSC_GSE103322,geneformer,S2_leave_donor_out,10,0.5726450730564193,0.10630588861935249,25
HNSC_GSE103322,harmony,S2_leave_donor_out,10,0.6262869641498141,0.05677504260607812,25
HNSC_GSE103322,hvg_pca,S2_leave_donor_out,10,0.6615544986916662,0.10695040385910833,25
HNSC_GSE103322,scgpt,S2_leave_donor_out,10,0.5778369208730187,0.10933150442851033,25
HNSC_GSE103322,scvi,S2_leave_donor_out,10,0.6950171383994175,0.07088078232254566,25
LIHC_GSE140228_10X,geneformer,S2_leave_donor_out,10,0.6589144502182891,0.06394499305945396,25
LIHC_GSE140228_10X,harmony,S2_leave_donor_out,10,0.5945848681099125,0.06545351079651261,25
LIHC_GSE140228_10X,hvg_pca,S2_leave_donor_out,10,0.6914732613879778,0.06767932046157658,25
LIHC_GSE140228_10X,scgpt,S2_leave_donor_out,10,0.5322107490993163,0.058680807676034806,25
LIHC_GSE140228_10X,scvi,S2_leave_donor_out,10,0.7028610090958439,0.05457750820527219,25
LIHC_GSE98638,geneformer,S2_leave_donor_out,10,0.5071615362797717,0.2076391472678438,25
LIHC_GSE98638,harmony,S2_leave_donor_out,10,0.5162919254614631,0.1383874337294236,25
LIHC_GSE98638,hvg_pca,S2_leave_donor_out,10,0.6273151652180249,0.20692811532028207,25
LIHC_GSE98638,scgpt,S2_leave_donor_out,10,0.4897255231592929,0.23215351555361038,25
LIHC_GSE98638,scvi,S2_leave_donor_out,10,0.6261062086835103,0.18727685541074965,25
NSCLC_GSE127465,geneformer,S2_leave_donor_out,10,0.7210894829202938,0.06293904275394326,25
NSCLC_GSE127465,harmony,S2_leave_donor_out,10,0.5975318330389325,0.04819525397306319,25
NSCLC_GSE127465,hvg_pca,S2_leave_donor_out,10,0.6843267982556485,0.05833860009406297,25
NSCLC_GSE127465,scgpt,S2_leave_donor_out,10,0.7109277624070929,0.057502348881634475,25
NSCLC_GSE127465,scvi,S2_leave_donor_out,10,0.7024387892404081,0.052119274272070526,25
NSCLC_GSE131907,geneformer,S2_leave_donor_out,10,0.6773332969036956,0.04246956031693711,25
NSCLC_GSE131907,harmony,S2_leave_donor_out,10,0.6190692628607285,0.040398277539709544,25
NSCLC_GSE131907,hvg_pca,S2_leave_donor_out,10,0.6846537836441733,0.032273410752796265,25
NSCLC_GSE131907,scgpt,S2_leave_donor_out,10,0.6858000382070935,0.03384506280269056,25
NSCLC_GSE131907,scvi,S2_leave_donor_out,10,0.6615586221699394,0.03769861351623934,25
PAAD_GSE111672,geneformer,S2_leave_donor_out,10,0.6146786153687659,0.09123037040248176,25
PAAD_GSE111672,harmony,S2_leave_donor_out,10,0.43268366789409685,0.06363018184029486,25
PAAD_GSE111672,hvg_pca,S2_leave_donor_out,10,0.5495085674288107,0.0832603953339485,25
PAAD_GSE111672,scgpt,S2_leave_donor_out,10,0.5939872028890272,0.08389763866696928,25
PAAD_GSE111672,scvi,S2_leave_donor_out,10,0.5878014045730967,0.09801537443290276,25
PAAD_GSE154778,geneformer,S2_leave_donor_out,10,0.5299191344961953,0.0786803039158945,25
PAAD_GSE154778,harmony,S2_leave_donor_out,10,0.38697600505179297,0.06266461906183864,25
PAAD_GSE154778,hvg_pca,S2_leave_donor_out,10,0.4850050332139803,0.07140466466836037,25
PAAD_GSE154778,scgpt,S2_leave_donor_out,10,0.503891429042254,0.06763643178134528,25
PAAD_GSE154778,scvi,S2_leave_donor_out,10,0.496138021321595,0.06725445100160711,25
STAD_GSE134520,geneformer,S2_leave_donor_out,10,0.6176450719703235,0.09607091694812006,25
STAD_GSE134520,harmony,S2_leave_donor_out,10,0.6064528323534158,0.028979967466193527,25
STAD_GSE134520,hvg_pca,S2_leave_donor_out,10,0.6734562256745282,0.05965531428778257,25
STAD_GSE134520,scgpt,S2_leave_donor_out,10,0.6745651083344805,0.06266855261495233,25
STAD_GSE134520,scvi,S2_leave_donor_out,10,0.676217188853536,0.046440380088836594,25
BRCA_GSE161529,geneformer,S2_leave_donor_out,25,0.7025724012957774,0.04205440234661844,25
BRCA_GSE161529,harmony,S2_leave_donor_out,25,0.5871934641215991,0.03930376238057298,25
BRCA_GSE161529,hvg_pca,S2_leave_donor_out,25,0.650603636916169,0.043520889844678994,25
BRCA_GSE161529,scgpt,S2_leave_donor_out,25,0.672577980230828,0.05249455804496001,25
BRCA_GSE161529,scvi,S2_leave_donor_out,25,0.6648424395838809,0.03392039461064952,25
BRCA_GSE176078,geneformer,S2_leave_donor_out,25,0.7100039368402399,0.03674383500037561,25
BRCA_GSE176078,harmony,S2_leave_donor_out,25,0.6691558388652828,0.023470157963485044,25
BRCA_GSE176078,hvg_pca,S2_leave_donor_out,25,0.7218440804221791,0.041461989722728625,25
BRCA_GSE176078,scgpt,S2_leave_donor_out,25,0.7283296450128751,0.044010495452213146,25
BRCA_GSE176078,scvi,S2_leave_donor_out,25,0.718133045294565,0.03313739411291127,25
CHOL_GSE125449_aPD1aPDL1aCTLA4,geneformer,S2_leave_donor_out,25,0.604149008546803,0.07091088056960031,25
CHOL_GSE125449_aPD1aPDL1aCTLA4,harmony,S2_leave_donor_out,25,0.5589598316581649,0.05648352482652173,25
CHOL_GSE125449_aPD1aPDL1aCTLA4,hvg_pca,S2_leave_donor_out,25,0.6114936640337529,0.0598604499310418,25
CHOL_GSE125449_aPD1aPDL1aCTLA4,scgpt,S2_leave_donor_out,25,0.6170464536075927,0.07899278428642592,25
CHOL_GSE125449_aPD1aPDL1aCTLA4,scvi,S2_leave_donor_out,25,0.6172836373540564,0.06306590763245068,25
CRC_GSE108989,geneformer,S2_leave_donor_out,25,0.7758913042276867,0.07367516713802737,25
CRC_GSE108989,harmony,S2_leave_donor_out,25,0.7321972704291676,0.050310485095446174,25
CRC_GSE108989,hvg_pca,S2_leave_donor_out,25,0.8295653983453442,0.04364215296941683,25
CRC_GSE108989,scgpt,S2_leave_donor_out,25,0.6894443570629311,0.06112582162833389,25
CRC_GSE108989,scvi,S2_leave_donor_out,25,0.7710999260492786,0.05894400259701649,25
CRC_GSE146771_10X,geneformer,S2_leave_donor_out,25,0.8579344784392875,0.05294980076779036,25
CRC_GSE146771_10X,harmony,S2_leave_donor_out,25,0.7568586327156767,0.04599329653438722,25
CRC_GSE146771_10X,hvg_pca,S2_leave_donor_out,25,0.8403556377779964,0.03861936090167071,25
CRC_GSE146771_10X,scgpt,S2_leave_donor_out,25,0.7969119032435883,0.07236317680598571,25
CRC_GSE146771_10X,scvi,S2_leave_donor_out,25,0.8243275589526943,0.04610778131402409,25
HNSC_GSE103322,geneformer,S2_leave_donor_out,25,0.7093774733087231,0.0839370912023508,25
HNSC_GSE103322,harmony,S2_leave_donor_out,25,0.7094487731220381,0.028783562468612706,25
HNSC_GSE103322,hvg_pca,S2_leave_donor_out,25,0.7653768716877706,0.07393163139787721,25
HNSC_GSE103322,scgpt,S2_leave_donor_out,25,0.7017054375969934,0.07241853580536649,25
HNSC_GSE103322,scvi,S2_leave_donor_out,25,0.7576559600200615,0.04185279207958821,25
LIHC_GSE140228_10X,geneformer,S2_leave_donor_out,25,0.738888102734208,0.04876560726080072,25
LIHC_GSE140228_10X,harmony,S2_leave_donor_out,25,0.7033209675353014,0.0712557404879241,25
LIHC_GSE140228_10X,hvg_pca,S2_leave_donor_out,25,0.7637572491626153,0.03518631490471955,25
LIHC_GSE140228_10X,scgpt,S2_leave_donor_out,25,0.6702957343847575,0.08238326208008535,25
LIHC_GSE140228_10X,scvi,S2_leave_donor_out,25,0.765081906434868,0.05428987380864707,25
LIHC_GSE98638,geneformer,S2_leave_donor_out,25,0.7238214407564585,0.2127796718978427,25
LIHC_GSE98638,harmony,S2_leave_donor_out,25,0.6319251891130153,0.194879699409209,25
LIHC_GSE98638,hvg_pca,S2_leave_donor_out,25,0.7391164020057687,0.17906255521189926,25
LIHC_GSE98638,scgpt,S2_leave_donor_out,25,0.6565511902810259,0.2048821394503061,25
LIHC_GSE98638,scvi,S2_leave_donor_out,25,0.6899082555863739,0.17605554780675056,25
NSCLC_GSE127465,geneformer,S2_leave_donor_out,25,0.7696870055102032,0.03592611597822243,25
NSCLC_GSE127465,harmony,S2_leave_donor_out,25,0.7035965328462394,0.034295642580099296,25
NSCLC_GSE127465,hvg_pca,S2_leave_donor_out,25,0.7697780042989107,0.040183214534234984,25
NSCLC_GSE127465,scgpt,S2_leave_donor_out,25,0.7798591916810844,0.04334938966408581,25
NSCLC_GSE127465,scvi,S2_leave_donor_out,25,0.7691981828039475,0.0410082317274757,25
NSCLC_GSE131907,geneformer,S2_leave_donor_out,25,0.7234668074122773,0.032233084487001885,25
NSCLC_GSE131907,harmony,S2_leave_donor_out,25,0.658730032186555,0.03160705945498626,25
NSCLC_GSE131907,hvg_pca,S2_leave_donor_out,25,0.70814314001421,0.03213603061943991,25
NSCLC_GSE131907,scgpt,S2_leave_donor_out,25,0.7159773288124923,0.027274975833643033,25
NSCLC_GSE131907,scvi,S2_leave_donor_out,25,0.6974994267624963,0.039775262246599816,25
PAAD_GSE111672,geneformer,S2_leave_donor_out,25,0.6373507584787067,0.09906483931425215,25
PAAD_GSE111672,harmony,S2_leave_donor_out,25,0.4861048416993659,0.056474050559241,25
PAAD_GSE111672,hvg_pca,S2_leave_donor_out,25,0.5985024653952575,0.1057513249835645,25
PAAD_GSE111672,scgpt,S2_leave_donor_out,25,0.6347147997417839,0.09846389474445841,25
PAAD_GSE111672,scvi,S2_leave_donor_out,25,0.617628461400502,0.10685346501271777,25
PAAD_GSE154778,geneformer,S2_leave_donor_out,25,0.5171333348746022,0.08019149185382211,25
PAAD_GSE154778,harmony,S2_leave_donor_out,25,0.4418528324579521,0.06179993017325566,25
PAAD_GSE154778,hvg_pca,S2_leave_donor_out,25,0.5139982527975369,0.05273336675002414,25
PAAD_GSE154778,scgpt,S2_leave_donor_out,25,0.4996451650782285,0.07336616223784273,25
PAAD_GSE154778,scvi,S2_leave_donor_out,25,0.506179597603545,0.04406106092862795,25
STAD_GSE134520,geneformer,S2_leave_donor_out,25,0.6800484757990287,0.08919528781547427,25
STAD_GSE134520,harmony,S2_leave_donor_out,25,0.6420512084650793,0.022563934818775246,25
STAD_GSE134520,hvg_pca,S2_leave_donor_out,25,0.7095562699861282,0.03251756925506298,25
STAD_GSE134520,scgpt,S2_leave_donor_out,25,0.7089721104069723,0.04797683957192408,25
STAD_GSE134520,scvi,S2_leave_donor_out,25,0.7070552548686551,0.03738899485676278,25
BRCA_GSE161529,geneformer,S2_leave_donor_out,50,0.7385372960743125,0.04299547257365839,25
BRCA_GSE161529,harmony,S2_leave_donor_out,50,0.6239038202411764,0.03466502304735256,25
BRCA_GSE161529,hvg_pca,S2_leave_donor_out,50,0.6738071527087921,0.0424274891946008,25
BRCA_GSE161529,scgpt,S2_leave_donor_out,50,0.7095142836713673,0.04076073682309404,25
BRCA_GSE161529,scvi,S2_leave_donor_out,50,0.6844944212654436,0.03382022504399696,25
BRCA_GSE176078,geneformer,S2_leave_donor_out,50,0.7065331239339042,0.043974116985287824,25
BRCA_GSE176078,harmony,S2_leave_donor_out,50,0.6803689324262195,0.02641628566546342,25
BRCA_GSE176078,hvg_pca,S2_leave_donor_out,50,0.7296592595153857,0.0358361729118022,25
BRCA_GSE176078,scgpt,S2_leave_donor_out,50,0.7258878351836677,0.04540394358861775,25
BRCA_GSE176078,scvi,S2_leave_donor_out,50,0.7190399945499263,0.022550220454870536,25
CHOL_GSE125449_aPD1aPDL1aCTLA4,geneformer,S2_leave_donor_out,50,0.5952169414286977,0.08451855739799838,25
CHOL_GSE125449_aPD1aPDL1aCTLA4,harmony,S2_leave_donor_out,50,0.5866425615984235,0.061761914571698044,25
CHOL_GSE125449_aPD1aPDL1aCTLA4,hvg_pca,S2_leave_donor_out,50,0.624602878270994,0.05020042825315585,25
CHOL_GSE125449_aPD1aPDL1aCTLA4,scgpt,S2_leave_donor_out,50,0.6191477210487286,0.07581450775771434,25
CHOL_GSE125449_aPD1aPDL1aCTLA4,scvi,S2_leave_donor_out,50,0.6222607368763269,0.06397308120078703,25
CRC_GSE108989,geneformer,S2_leave_donor_out,50,0.8027588478585073,0.06324587877006378,25
CRC_GSE108989,harmony,S2_leave_donor_out,50,0.7476300622799639,0.03791410349711372,25
CRC_GSE108989,hvg_pca,S2_leave_donor_out,50,0.8352832927957661,0.0524122267676716,25
CRC_GSE108989,scgpt,S2_leave_donor_out,50,0.7333239967083135,0.049572510458069936,25
CRC_GSE108989,scvi,S2_leave_donor_out,50,0.7963092307571218,0.05153246755048547,25
CRC_GSE146771_10X,geneformer,S2_leave_donor_out,50,0.8629564378489887,0.0468772798687595,25
CRC_GSE146771_10X,harmony,S2_leave_donor_out,50,0.7872639930594173,0.037775625256316746,25
CRC_GSE146771_10X,hvg_pca,S2_leave_donor_out,50,0.851729470499889,0.037735580670511464,25
CRC_GSE146771_10X,scgpt,S2_leave_donor_out,50,0.8367528598996844,0.05175405683280461,25
CRC_GSE146771_10X,scvi,S2_leave_donor_out,50,0.8314674704193233,0.04488229978413976,25
HNSC_GSE103322,geneformer,S2_leave_donor_out,50,0.7464979262904535,0.08821282049154038,25
HNSC_GSE103322,harmony,S2_leave_donor_out,50,0.7329284285995145,0.02866116326968796,25
HNSC_GSE103322,hvg_pca,S2_leave_donor_out,50,0.8012037024210719,0.030186739276982025,25
HNSC_GSE103322,scgpt,S2_leave_donor_out,50,0.7343775752059405,0.06855612047337657,25
HNSC_GSE103322,scvi,S2_leave_donor_out,50,0.7777535328078775,0.049269882711806406,25
LIHC_GSE140228_10X,geneformer,S2_leave_donor_out,50,0.7653696407766281,0.0338527709294939,25
LIHC_GSE140228_10X,harmony,S2_leave_donor_out,50,0.7372882346192049,0.06687561173991334,25
LIHC_GSE140228_10X,hvg_pca,S2_leave_donor_out,50,0.781685385004188,0.02834315655363819,25
LIHC_GSE140228_10X,scgpt,S2_leave_donor_out,50,0.6920569264416635,0.06225266373857865,25
LIHC_GSE140228_10X,scvi,S2_leave_donor_out,50,0.7769363083895731,0.037407681435332726,25
LIHC_GSE98638,geneformer,S2_leave_donor_out,50,0.7245119304661425,0.1901340800177067,25
LIHC_GSE98638,harmony,S2_leave_donor_out,50,0.6518265987031281,0.19019034190533,25
LIHC_GSE98638,hvg_pca,S2_leave_donor_out,50,0.7726390484017817,0.17956551699498155,25
LIHC_GSE98638,scgpt,S2_leave_donor_out,50,0.662033340305022,0.23188892380811987,25
LIHC_GSE98638,scvi,S2_leave_donor_out,50,0.7036580982486035,0.17537948375414442,25
NSCLC_GSE127465,geneformer,S2_leave_donor_out,50,0.7861627078918043,0.035506593931648886,25
NSCLC_GSE127465,harmony,S2_leave_donor_out,50,0.7331048600209229,0.03217999109535301,25
NSCLC_GSE127465,hvg_pca,S2_leave_donor_out,50,0.8072848588519547,0.02994978550958526,25
NSCLC_GSE127465,scgpt,S2_leave_donor_out,50,0.801619503587049,0.02659494988091063,25
NSCLC_GSE127465,scvi,S2_leave_donor_out,50,0.7780753511305837,0.04554989598440194,25
NSCLC_GSE131907,geneformer,S2_leave_donor_out,50,0.7370661178178599,0.030232033763708324,25
NSCLC_GSE131907,harmony,S2_leave_donor_out,50,0.6732247616166382,0.027757478502745035,25
NSCLC_GSE131907,hvg_pca,S2_leave_donor_out,50,0.7160421324566536,0.030743091014614927,25
NSCLC_GSE131907,scgpt,S2_leave_donor_out,50,0.7216204059088865,0.027697512230882317,25
NSCLC_GSE131907,scvi,S2_leave_donor_out,50,0.7050966622278965,0.02418785228185997,25
PAAD_GSE111672,geneformer,S2_leave_donor_out,50,0.6563343819747693,0.08044549626477623,25
PAAD_GSE111672,harmony,S2_leave_donor_out,50,0.5056228822546862,0.04873082137465091,25
PAAD_GSE111672,hvg_pca,S2_leave_donor_out,50,0.6185718391198813,0.09273073427822609,25
PAAD_GSE111672,scgpt,S2_leave_donor_out,50,0.6311041263139103,0.09329601322595937,25
PAAD_GSE111672,scvi,S2_leave_donor_out,50,0.6234143882882988,0.12755113357495146,25
PAAD_GSE154778,geneformer,S2_leave_donor_out,50,0.536694862501961,0.068619478998398,25
PAAD_GSE154778,harmony,S2_leave_donor_out,50,0.47012782343196974,0.05780769000526141,25
PAAD_GSE154778,hvg_pca,S2_leave_donor_out,50,0.5469339698364413,0.044493846405070335,25
PAAD_GSE154778,scgpt,S2_leave_donor_out,50,0.5147402522292726,0.04387275060324505,25
PAAD_GSE154778,scvi,S2_leave_donor_out,50,0.5342180758178201,0.039617852887980955,25
STAD_GSE134520,geneformer,S2_leave_donor_out,50,0.70853741054463,0.062413052290434624,25
STAD_GSE134520,harmony,S2_leave_donor_out,50,0.6500873458231382,0.02444473893508454,25
STAD_GSE134520,hvg_pca,S2_leave_donor_out,50,0.7288326451895664,0.035913760092794116,25
STAD_GSE134520,scgpt,S2_leave_donor_out,50,0.7149745462260362,0.05337302224132632,25
STAD_GSE134520,scvi,S2_leave_donor_out,50,0.7172726583677046,0.027783346110224143,25
BRCA_GSE161529,geneformer,S2_leave_donor_out,100,0.7564133081302792,0.03646926055008029,25
BRCA_GSE161529,harmony,S2_leave_donor_out,100,0.6400506595591133,0.027480619338724935,25
BRCA_GSE161529,hvg_pca,S2_leave_donor_out,100,0.6940041170261796,0.03403244422445897,25
BRCA_GSE161529,scgpt,S2_leave_donor_out,100,0.715130761617035,0.03863652588086889,25
BRCA_GSE161529,scvi,S2_leave_donor_out,100,0.6957682163592849,0.023815295829874364,25
BRCA_GSE176078,geneformer,S2_leave_donor_out,100,0.7274515140892721,0.03495429578993023,25
BRCA_GSE176078,harmony,S2_leave_donor_out,100,0.6927056940319563,0.023199057110368484,25
BRCA_GSE176078,hvg_pca,S2_leave_donor_out,100,0.7356670607185218,0.039612332143082,25
BRCA_GSE176078,scgpt,S2_leave_donor_out,100,0.7413155395599961,0.04026992865450414,25
BRCA_GSE176078,scvi,S2_leave_donor_out,100,0.7295637497186305,0.020816738506905304,25
CHOL_GSE125449_aPD1aPDL1aCTLA4,geneformer,S2_leave_donor_out,100,0.5932221080555687,0.06329253251155359,25
CHOL_GSE125449_aPD1aPDL1aCTLA4,harmony,S2_leave_donor_out,100,0.6039218616005622,0.06688447773071088,25
CHOL_GSE125449_aPD1aPDL1aCTLA4,hvg_pca,S2_leave_donor_out,100,0.6459004750558318,0.06393990867807693,25
CHOL_GSE125449_aPD1aPDL1aCTLA4,scgpt,S2_leave_donor_out,100,0.6163314978581973,0.07051171864267326,25
CHOL_GSE125449_aPD1aPDL1aCTLA4,scvi,S2_leave_donor_out,100,0.6333447868211263,0.08215389400616363,25
CRC_GSE108989,geneformer,S2_leave_donor_out,100,0.8111319692328957,0.041701483148855356,25
CRC_GSE108989,harmony,S2_leave_donor_out,100,0.7746219304120621,0.03124956827759233,25
CRC_GSE108989,hvg_pca,S2_leave_donor_out,100,0.859441152287185,0.028497420773041834,25
CRC_GSE108989,scgpt,S2_leave_donor_out,100,0.7623969496655539,0.059255312765950786,25
CRC_GSE108989,scvi,S2_leave_donor_out,100,0.815091879961941,0.03663597072787047,25
CRC_GSE146771_10X,geneformer,S2_leave_donor_out,100,0.8730300375479557,0.04290274980870383,25
CRC_GSE146771_10X,harmony,S2_leave_donor_out,100,0.8065907169610945,0.029435008562183625,25
CRC_GSE146771_10X,hvg_pca,S2_leave_donor_out,100,0.8603178337340962,0.03420652556478909,25
CRC_GSE146771_10X,scgpt,S2_leave_donor_out,100,0.8460799637051071,0.03923803480243941,25
CRC_GSE146771_10X,scvi,S2_leave_donor_out,100,0.8402930956594125,0.04118800761217282,25
HNSC_GSE103322,geneformer,S2_leave_donor_out,100,0.7929491340958157,0.04581723865909257,25
HNSC_GSE103322,harmony,S2_leave_donor_out,100,0.7509300274225423,0.027896325850451237,25
HNSC_GSE103322,hvg_pca,S2_leave_donor_out,100,0.8004935848570615,0.028001769639607158,25
HNSC_GSE103322,scgpt,S2_leave_donor_out,100,0.7615853042086593,0.04535510577196019,25
HNSC_GSE103322,scvi,S2_leave_donor_out,100,0.7788732340403378,0.03939693682142036,25
LIHC_GSE140228_10X,geneformer,S2_leave_donor_out,100,0.77853141071757,0.038871428459686275,25
LIHC_GSE140228_10X,harmony,S2_leave_donor_out,100,0.7557329444209396,0.06556350765999247,25
LIHC_GSE140228_10X,hvg_pca,S2_leave_donor_out,100,0.7968681438910937,0.028661854326431483,25
LIHC_GSE140228_10X,scgpt,S2_leave_donor_out,100,0.7286408899346057,0.051139144950855586,25
LIHC_GSE140228_10X,scvi,S2_leave_donor_out,100,0.7925720731685879,0.034965030467659836,25
LIHC_GSE98638,geneformer,S2_leave_donor_out,100,0.7409198128511006,0.18530472898568873,25
LIHC_GSE98638,harmony,S2_leave_donor_out,100,0.6677370533179796,0.19011982799498567,25
LIHC_GSE98638,hvg_pca,S2_leave_donor_out,100,0.7668385630164726,0.18335293920990592,25
LIHC_GSE98638,scgpt,S2_leave_donor_out,100,0.6732873210677179,0.2373674093808816,25
LIHC_GSE98638,scvi,S2_leave_donor_out,100,0.7080120050652655,0.19035251092616387,25
NSCLC_GSE127465,geneformer,S2_leave_donor_out,100,0.7871143460426413,0.04182924781366108,25
NSCLC_GSE127465,harmony,S2_leave_donor_out,100,0.7485487003220712,0.026402005862574678,25
NSCLC_GSE127465,hvg_pca,S2_leave_donor_out,100,0.8099571941218231,0.02929885224942911,25
NSCLC_GSE127465,scgpt,S2_leave_donor_out,100,0.8110599065512267,0.026581547793151736,25
NSCLC_GSE127465,scvi,S2_leave_donor_out,100,0.7903492696226548,0.04253048074832116,25
NSCLC_GSE131907,geneformer,S2_leave_donor_out,100,0.7547891372823757,0.025314857037790666,25
NSCLC_GSE131907,harmony,S2_leave_donor_out,100,0.678968091768518,0.026403144088709318,25
NSCLC_GSE131907,hvg_pca,S2_leave_donor_out,100,0.7286285996133027,0.024399739296095575,25
NSCLC_GSE131907,scgpt,S2_leave_donor_out,100,0.7458575210493928,0.02415871243450369,25
NSCLC_GSE131907,scvi,S2_leave_donor_out,100,0.7208536676545597,0.028900355531399115,25
PAAD_GSE111672,geneformer,S2_leave_donor_out,100,0.6635749103286092,0.09052560053092941,25
PAAD_GSE111672,harmony,S2_leave_donor_out,100,0.5299623976141016,0.06095984588272963,25
PAAD_GSE111672,hvg_pca,S2_leave_donor_out,100,0.6162572377383527,0.09866907320451228,25
PAAD_GSE111672,scgpt,S2_leave_donor_out,100,0.6632820071111187,0.08808114885952684,25
PAAD_GSE111672,scvi,S2_leave_donor_out,100,0.6524117745871609,0.10362171214334456,25
PAAD_GSE154778,geneformer,S2_leave_donor_out,100,0.5661471669826494,0.07514143965996438,25
PAAD_GSE154778,harmony,S2_leave_donor_out,100,0.49284347852206517,0.052434202829440946,25
PAAD_GSE154778,hvg_pca,S2_leave_donor_out,100,0.5512505408320272,0.04420673708603612,25
PAAD_GSE154778,scgpt,S2_leave_donor_out,100,0.5283243226702004,0.051200044681015085,25
PAAD_GSE154778,scvi,S2_leave_donor_out,100,0.5326656778662462,0.041026111820137656,25
STAD_GSE134520,geneformer,S2_leave_donor_out,100,0.7245697049438895,0.06336667132493003,25
STAD_GSE134520,harmony,S2_leave_donor_out,100,0.6473745685546818,0.018661750078632345,25
STAD_GSE134520,hvg_pca,S2_leave_donor_out,100,0.7207309997831389,0.030155014523113723,25
STAD_GSE134520,scgpt,S2_leave_donor_out,100,0.7315589220781925,0.04363289602374231,25
STAD_GSE134520,scvi,S2_leave_donor_out,100,0.7158040756798312,0.029857910114450877,25
BRCA_GSE161529,geneformer,S2_leave_donor_out,all,0.8583741620676395,0.021403706590889502,25
BRCA_GSE161529,harmony,S2_leave_donor_out,all,0.675679838339252,0.023570025473507363,10
BRCA_GSE161529,hvg_pca,S2_leave_donor_out,all,0.7650826234963973,0.03392003267427072,25
BRCA_GSE161529,scgpt,S2_leave_donor_out,all,0.8240329439224253,0.039099221375094056,25
BRCA_GSE161529,scvi,S2_leave_donor_out,all,0.7188329494021966,0.02293480065563558,10
BRCA_GSE176078,geneformer,S2_leave_donor_out,all,0.7623068700378126,0.054479859685430204,25
BRCA_GSE176078,harmony,S2_leave_donor_out,all,0.7163950704240575,0.027497769067841352,10
BRCA_GSE176078,hvg_pca,S2_leave_donor_out,all,0.746943519933201,0.04936511227698294,25
BRCA_GSE176078,scgpt,S2_leave_donor_out,all,0.8033156826620241,0.056194372395514884,25
BRCA_GSE176078,scvi,S2_leave_donor_out,all,0.7469145288729672,0.018059480149511576,10
CHOL_GSE125449_aPD1aPDL1aCTLA4,geneformer,S2_leave_donor_out,all,0.6694525898214129,0.06925655661570783,25
CHOL_GSE125449_aPD1aPDL1aCTLA4,harmony,S2_leave_donor_out,all,0.604961588876437,0.05746472600930481,10
CHOL_GSE125449_aPD1aPDL1aCTLA4,hvg_pca,S2_leave_donor_out,all,0.6154662565654249,0.05899104615238633,25
CHOL_GSE125449_aPD1aPDL1aCTLA4,scgpt,S2_leave_donor_out,all,0.6727139703788303,0.0528336281304017,25
CHOL_GSE125449_aPD1aPDL1aCTLA4,scvi,S2_leave_donor_out,all,0.6315699507039755,0.048445194300724005,10
CRC_GSE108989,geneformer,S2_leave_donor_out,all,0.8953767830377433,0.01377292377976756,25
CRC_GSE108989,harmony,S2_leave_donor_out,all,0.8090139730910225,0.029049261933615997,10
CRC_GSE108989,hvg_pca,S2_leave_donor_out,all,0.8774947447283081,0.02108997781828864,25
CRC_GSE108989,scgpt,S2_leave_donor_out,all,0.8664743793122143,0.02155641999371517,25
CRC_GSE108989,scvi,S2_leave_donor_out,all,0.8279645110514489,0.036521372116945755,10
CRC_GSE146771_10X,geneformer,S2_leave_donor_out,all,0.9269293148976212,0.02443083432454955,25
CRC_GSE146771_10X,harmony,S2_leave_donor_out,all,0.8257355421149463,0.02877910095617494,10
CRC_GSE146771_10X,hvg_pca,S2_leave_donor_out,all,0.873489398603614,0.0231919901801728,25
CRC_GSE146771_10X,scgpt,S2_leave_donor_out,all,0.8807144067176935,0.02635788781589017,25
CRC_GSE146771_10X,scvi,S2_leave_donor_out,all,0.8468832158045446,0.05122210638644895,10
HNSC_GSE103322,geneformer,S2_leave_donor_out,all,0.8350056754079216,0.01998723242431487,25
HNSC_GSE103322,harmony,S2_leave_donor_out,all,0.7583038570144026,0.01750089657541909,10
HNSC_GSE103322,hvg_pca,S2_leave_donor_out,all,0.8372164058683056,0.020409873600134795,25
HNSC_GSE103322,scgpt,S2_leave_donor_out,all,0.8651834459256864,0.01921808200134828,25
HNSC_GSE103322,scvi,S2_leave_donor_out,all,0.7760341598530665,0.042339939590749054,10
LIHC_GSE140228_10X,geneformer,S2_leave_donor_out,all,0.8565707729532417,0.009695417219528725,25
LIHC_GSE140228_10X,harmony,S2_leave_donor_out,all,0.7683255833381015,0.09205183033630904,10
LIHC_GSE140228_10X,hvg_pca,S2_leave_donor_out,all,0.8268735327506477,0.013792797857491646,25
LIHC_GSE140228_10X,scgpt,S2_leave_donor_out,all,0.8732505720824864,0.01016001588207877,25
LIHC_GSE140228_10X,scvi,S2_leave_donor_out,all,0.8111362907919574,0.022567221098718494,10
LIHC_GSE98638,geneformer,S2_leave_donor_out,all,0.8891417689551112,0.06162716932384861,25
LIHC_GSE98638,harmony,S2_leave_donor_out,all,0.694674251486566,0.2320380180026762,10
LIHC_GSE98638,hvg_pca,S2_leave_donor_out,all,0.8487313934344821,0.07773453010919958,25
LIHC_GSE98638,scgpt,S2_leave_donor_out,all,0.7884028951209158,0.19557567510997584,25
LIHC_GSE98638,scvi,S2_leave_donor_out,all,0.6926381964030189,0.20771266362247648,10
NSCLC_GSE127465,geneformer,S2_leave_donor_out,all,0.8359576485432781,0.024396838378363213,25
NSCLC_GSE127465,harmony,S2_leave_donor_out,all,0.7738223371359004,0.03342017964092706,10
NSCLC_GSE127465,hvg_pca,S2_leave_donor_out,all,0.8299705080627178,0.019649826266900306,25
NSCLC_GSE127465,scgpt,S2_leave_donor_out,all,0.8693084172501578,0.026954564564485865,25
NSCLC_GSE127465,scvi,S2_leave_donor_out,all,0.7966639783261588,0.045996577900924956,10
NSCLC_GSE131907,geneformer,S2_leave_donor_out,all,0.8219110213233569,0.027381344636911612,25
NSCLC_GSE131907,harmony,S2_leave_donor_out,all,0.7084185988288685,0.02349263488263973,10
NSCLC_GSE131907,hvg_pca,S2_leave_donor_out,all,0.7612173852174918,0.021142756204242597,25
NSCLC_GSE131907,scgpt,S2_leave_donor_out,all,0.815323657723113,0.018871880100156384,25
NSCLC_GSE131907,scvi,S2_leave_donor_out,all,0.7431796648249609,0.025052098808426477,10
PAAD_GSE111672,geneformer,S2_leave_donor_out,all,0.787238085361818,0.05650538325979246,25
PAAD_GSE111672,harmony,S2_leave_donor_out,all,0.6002271080800042,0.06198438004371175,10
PAAD_GSE111672,hvg_pca,S2_leave_donor_out,all,0.7105665445956255,0.08950873658452912,25
PAAD_GSE111672,scgpt,S2_leave_donor_out,all,0.7695227226758098,0.0666912628677471,25
PAAD_GSE111672,scvi,S2_leave_donor_out,all,0.6807860169834721,0.12412626863206712,10
PAAD_GSE154778,geneformer,S2_leave_donor_out,all,0.5896804872147932,0.05710292473235443,25
PAAD_GSE154778,harmony,S2_leave_donor_out,all,0.4982810119059423,0.058845300602224884,10
PAAD_GSE154778,hvg_pca,S2_leave_donor_out,all,0.5553725849061767,0.0409745581470818,25
PAAD_GSE154778,scgpt,S2_leave_donor_out,all,0.5246930179907181,0.05429236075776826,25
PAAD_GSE154778,scvi,S2_leave_donor_out,all,0.5436186800928593,0.028937818149005135,10
STAD_GSE134520,geneformer,S2_leave_donor_out,all,0.910155532127948,0.015425003068078562,25
STAD_GSE134520,harmony,S2_leave_donor_out,all,0.6662713945515121,0.013488025431463038,10
STAD_GSE134520,hvg_pca,S2_leave_donor_out,all,0.8474196004368436,0.007351344543238489,25
STAD_GSE134520,scgpt,S2_leave_donor_out,all,0.9024501831181163,0.015043471306170975,25
STAD_GSE134520,scvi,S2_leave_donor_out,all,0.751347986450888,0.014933239056416808,10
BRCA_GSE161529,geneformer,S3_leave_dataset_out,5,0.5432539797261727,0.04815135893343886,100
BRCA_GSE161529,harmony,S3_leave_dataset_out,5,0.4892316484263374,0.026529436888415404,100
BRCA_GSE161529,hvg_pca,S3_leave_dataset_out,5,0.4728043082966023,0.0427132212594261,100
BRCA_GSE161529,scgpt,S3_leave_dataset_out,5,0.5098862733053143,0.04918293309129734,100
BRCA_GSE161529,scvi,S3_leave_dataset_out,5,0.5411332534725557,0.040995977010704565,100
BRCA_GSE176078,geneformer,S3_leave_dataset_out,5,0.6260161104810479,0.052875166609113865,100
BRCA_GSE176078,harmony,S3_leave_dataset_out,5,0.5975466498082372,0.031171735142101784,100
BRCA_GSE176078,hvg_pca,S3_leave_dataset_out,5,0.6275232379820292,0.05189427150366486,100
BRCA_GSE176078,scgpt,S3_leave_dataset_out,5,0.666461316238506,0.0415482108311327,100
BRCA_GSE176078,scvi,S3_leave_dataset_out,5,0.645744857884327,0.04613026051698819,100
CHOL_GSE125449_aPD1aPDL1aCTLA4,geneformer,S3_leave_dataset_out,5,0.6722821881423988,0.08227858496175255,100
CHOL_GSE125449_aPD1aPDL1aCTLA4,harmony,S3_leave_dataset_out,5,0.5539428612852967,0.04467203691697982,100
CHOL_GSE125449_aPD1aPDL1aCTLA4,hvg_pca,S3_leave_dataset_out,5,0.664201824492969,0.07015334171883279,100
CHOL_GSE125449_aPD1aPDL1aCTLA4,scgpt,S3_leave_dataset_out,5,0.7009025882681702,0.06904839129707324,100
CHOL_GSE125449_aPD1aPDL1aCTLA4,scvi,S3_leave_dataset_out,5,0.6612272266443164,0.06380231598196053,100
CRC_GSE108989,geneformer,S3_leave_dataset_out,5,0.38687301861848283,0.17193068253097715,100
CRC_GSE108989,harmony,S3_leave_dataset_out,5,0.5406541086337748,0.07107508785020371,100
CRC_GSE108989,hvg_pca,S3_leave_dataset_out,5,0.5420452111100449,0.17041280463155808,100
CRC_GSE108989,scgpt,S3_leave_dataset_out,5,0.34059285427783864,0.15492576311255352,100
CRC_GSE108989,scvi,S3_leave_dataset_out,5,0.5522041924547563,0.1544777998706152,100
CRC_GSE146771_10X,geneformer,S3_leave_dataset_out,5,0.5396738561046202,0.13867215816035539,100
CRC_GSE146771_10X,harmony,S3_leave_dataset_out,5,0.5862235032494753,0.06105611470265579,100
CRC_GSE146771_10X,hvg_pca,S3_leave_dataset_out,5,0.6727783301686263,0.08934243981298394,100
CRC_GSE146771_10X,scgpt,S3_leave_dataset_out,5,0.667172486975832,0.08325133896735196,100
CRC_GSE146771_10X,scvi,S3_leave_dataset_out,5,0.6868741855166591,0.08073987313589748,100
HNSC_GSE103322,geneformer,S3_leave_dataset_out,5,0.37301025041376024,0.1641276614143876,100
HNSC_GSE103322,harmony,S3_leave_dataset_out,5,0.5499866510860968,0.057262447303801034,100
HNSC_GSE103322,hvg_pca,S3_leave_dataset_out,5,0.6154115261548337,0.07906521769386819,100
HNSC_GSE103322,scgpt,S3_leave_dataset_out,5,0.4616947629285573,0.10219491431564261,100
HNSC_GSE103322,scvi,S3_leave_dataset_out,5,0.6099561668319372,0.08320744930845618,100
LIHC_GSE140228_10X,geneformer,S3_leave_dataset_out,5,0.5256080880420952,0.062098215220397136,100
LIHC_GSE140228_10X,harmony,S3_leave_dataset_out,5,0.5611349141689576,0.05992458351944062,100
LIHC_GSE140228_10X,hvg_pca,S3_leave_dataset_out,5,0.6369576855054333,0.06335904379981161,100
LIHC_GSE140228_10X,scgpt,S3_leave_dataset_out,5,0.4951024534220258,0.0745833558476351,100
LIHC_GSE140228_10X,scvi,S3_leave_dataset_out,5,0.6375127552001575,0.06060979102542857,100
LIHC_GSE98638,geneformer,S3_leave_dataset_out,5,0.4322123344376751,0.21351693631851082,100
LIHC_GSE98638,harmony,S3_leave_dataset_out,5,0.5256025073854877,0.08461973522255141,100
LIHC_GSE98638,hvg_pca,S3_leave_dataset_out,5,0.5574712139234964,0.15286064027900137,100
LIHC_GSE98638,scgpt,S3_leave_dataset_out,5,0.38564555390046024,0.17291082985706777,100
LIHC_GSE98638,scvi,S3_leave_dataset_out,5,0.49473612263839173,0.16244956692949655,100
NSCLC_GSE127465,geneformer,S3_leave_dataset_out,5,0.6335582825692877,0.061517717321391434,100
NSCLC_GSE127465,harmony,S3_leave_dataset_out,5,0.531485112083645,0.03998998469223673,100
NSCLC_GSE127465,hvg_pca,S3_leave_dataset_out,5,0.603099533623749,0.07690050840934816,100
NSCLC_GSE127465,scgpt,S3_leave_dataset_out,5,0.6285142483992062,0.0626852730626787,100
NSCLC_GSE127465,scvi,S3_leave_dataset_out,5,0.6173495627560333,0.06297094485642625,100
NSCLC_GSE131907,geneformer,S3_leave_dataset_out,5,0.5772047509091728,0.04286230598047383,100
NSCLC_GSE131907,harmony,S3_leave_dataset_out,5,0.5739347630529867,0.02745856895663143,100
NSCLC_GSE131907,hvg_pca,S3_leave_dataset_out,5,0.6013860811986667,0.03661813042164371,100
NSCLC_GSE131907,scgpt,S3_leave_dataset_out,5,0.5984793057369336,0.03819270775579595,100
NSCLC_GSE131907,scvi,S3_leave_dataset_out,5,0.5986117960469298,0.03125251221610273,100
PAAD_GSE111672,geneformer,S3_leave_dataset_out,5,0.5943135142420184,0.09630755406606567,100
PAAD_GSE111672,harmony,S3_leave_dataset_out,5,0.43728263163888464,0.043329651882724314,100
PAAD_GSE111672,hvg_pca,S3_leave_dataset_out,5,0.5643245345692283,0.07979505144946512,100
PAAD_GSE111672,scgpt,S3_leave_dataset_out,5,0.596098793577284,0.07925173707283813,100
PAAD_GSE111672,scvi,S3_leave_dataset_out,5,0.6119419046087923,0.07599314382705562,100
PAAD_GSE154778,geneformer,S3_leave_dataset_out,5,0.4970269275322433,0.06465561158544098,100
PAAD_GSE154778,harmony,S3_leave_dataset_out,5,0.39368066769977966,0.03938313953824388,100
PAAD_GSE154778,hvg_pca,S3_leave_dataset_out,5,0.47316440769245927,0.060289947396985746,100
PAAD_GSE154778,scgpt,S3_leave_dataset_out,5,0.4818361412098798,0.06959672999128795,100
PAAD_GSE154778,scvi,S3_leave_dataset_out,5,0.4641618021647664,0.0562204628896809,100
STAD_GSE134520,geneformer,S3_leave_dataset_out,5,0.5548627860707417,0.07987739827837544,100
STAD_GSE134520,harmony,S3_leave_dataset_out,5,0.5469479777061863,0.028711603629213867,100
STAD_GSE134520,hvg_pca,S3_leave_dataset_out,5,0.6121521485471465,0.06241661485093693,100
STAD_GSE134520,scgpt,S3_leave_dataset_out,5,0.6035023428859362,0.06927837726320335,100
STAD_GSE134520,scvi,S3_leave_dataset_out,5,0.6229765347766945,0.063067872575583,100
BRCA_GSE161529,geneformer,S3_leave_dataset_out,10,0.5583119696344996,0.043557889607538064,100
BRCA_GSE161529,harmony,S3_leave_dataset_out,10,0.5431953653495303,0.023229178510814907,100
BRCA_GSE161529,hvg_pca,S3_leave_dataset_out,10,0.5134009975583526,0.039809804616816234,100
BRCA_GSE161529,scgpt,S3_leave_dataset_out,10,0.5397305749647504,0.047318414222508196,100
BRCA_GSE161529,scvi,S3_leave_dataset_out,10,0.5760352703202747,0.03554475134339754,100
BRCA_GSE176078,geneformer,S3_leave_dataset_out,10,0.6527922200236143,0.044565124727761335,100
BRCA_GSE176078,harmony,S3_leave_dataset_out,10,0.6457070155961081,0.023633905053091882,100
BRCA_GSE176078,hvg_pca,S3_leave_dataset_out,10,0.6728528565312121,0.03790627476450246,100
BRCA_GSE176078,scgpt,S3_leave_dataset_out,10,0.6922749883370881,0.036044135352117396,100
BRCA_GSE176078,scvi,S3_leave_dataset_out,10,0.6858506514779812,0.039521013204662635,100
CHOL_GSE125449_aPD1aPDL1aCTLA4,geneformer,S3_leave_dataset_out,10,0.7068604974367737,0.06992353560247418,100
CHOL_GSE125449_aPD1aPDL1aCTLA4,harmony,S3_leave_dataset_out,10,0.6468018501017053,0.03506466889581597,100
CHOL_GSE125449_aPD1aPDL1aCTLA4,hvg_pca,S3_leave_dataset_out,10,0.7253967949916751,0.05971836546634546,100
CHOL_GSE125449_aPD1aPDL1aCTLA4,scgpt,S3_leave_dataset_out,10,0.7573397952417754,0.05473614662122414,100
CHOL_GSE125449_aPD1aPDL1aCTLA4,scvi,S3_leave_dataset_out,10,0.7269605942347569,0.0550083423643303,100
CRC_GSE108989,geneformer,S3_leave_dataset_out,10,0.48184762269015946,0.20028404507823858,100
CRC_GSE108989,harmony,S3_leave_dataset_out,10,0.6213250651543938,0.07229742704722464,100
CRC_GSE108989,hvg_pca,S3_leave_dataset_out,10,0.6407439951945471,0.12941316464371846,100
CRC_GSE108989,scgpt,S3_leave_dataset_out,10,0.4337170420271942,0.17957463671633125,100
CRC_GSE108989,scvi,S3_leave_dataset_out,10,0.6231857319598364,0.12496485758796692,100
CRC_GSE146771_10X,geneformer,S3_leave_dataset_out,10,0.5750111553832884,0.12565615667757682,100
CRC_GSE146771_10X,harmony,S3_leave_dataset_out,10,0.6658893818509966,0.04110422996672054,100
CRC_GSE146771_10X,hvg_pca,S3_leave_dataset_out,10,0.7600538661469649,0.055118941221567894,100
CRC_GSE146771_10X,scgpt,S3_leave_dataset_out,10,0.7361470911509642,0.06799687609168006,100
CRC_GSE146771_10X,scvi,S3_leave_dataset_out,10,0.7574449211438004,0.04670525622576698,100
HNSC_GSE103322,geneformer,S3_leave_dataset_out,10,0.4939619668121301,0.1306422477017081,100
HNSC_GSE103322,harmony,S3_leave_dataset_out,10,0.6204917962912012,0.04218673915623457,100
HNSC_GSE103322,hvg_pca,S3_leave_dataset_out,10,0.6877287638482683,0.06801114107843725,100
HNSC_GSE103322,scgpt,S3_leave_dataset_out,10,0.5202442363408489,0.07755268075058416,100
HNSC_GSE103322,scvi,S3_leave_dataset_out,10,0.6748649680069451,0.06896212021112345,100
LIHC_GSE140228_10X,geneformer,S3_leave_dataset_out,10,0.5648024671666687,0.07649797687524232,100
LIHC_GSE140228_10X,harmony,S3_leave_dataset_out,10,0.6386335328552604,0.049939049468938686,100
LIHC_GSE140228_10X,hvg_pca,S3_leave_dataset_out,10,0.6671241396492148,0.05471664496759983,100
LIHC_GSE140228_10X,scgpt,S3_leave_dataset_out,10,0.5469754870678023,0.07372973946373505,100
LIHC_GSE140228_10X,scvi,S3_leave_dataset_out,10,0.672876276630439,0.05432387097868811,100
LIHC_GSE98638,geneformer,S3_leave_dataset_out,10,0.5150511189895309,0.2190357427646606,100
LIHC_GSE98638,harmony,S3_leave_dataset_out,10,0.5921554747459473,0.0750330935103064,100
LIHC_GSE98638,hvg_pca,S3_leave_dataset_out,10,0.6326764977548266,0.13971638832744313,100
LIHC_GSE98638,scgpt,S3_leave_dataset_out,10,0.477682133968143,0.1852639605750828,100
LIHC_GSE98638,scvi,S3_leave_dataset_out,10,0.5776329088063877,0.1515809158251334,100
NSCLC_GSE127465,geneformer,S3_leave_dataset_out,10,0.6889352505338376,0.05197465187748934,100
NSCLC_GSE127465,harmony,S3_leave_dataset_out,10,0.6362820880583798,0.03554285757759983,100
NSCLC_GSE127465,hvg_pca,S3_leave_dataset_out,10,0.6809339967529976,0.059674926214422136,100
NSCLC_GSE127465,scgpt,S3_leave_dataset_out,10,0.6835379319618728,0.05623228473258136,100
NSCLC_GSE127465,scvi,S3_leave_dataset_out,10,0.6973292869556278,0.04855895958272178,100
NSCLC_GSE131907,geneformer,S3_leave_dataset_out,10,0.5920958445635006,0.02610796472138407,100
NSCLC_GSE131907,harmony,S3_leave_dataset_out,10,0.6121011664305014,0.02032017418375965,100
NSCLC_GSE131907,hvg_pca,S3_leave_dataset_out,10,0.6137651829653811,0.027831593247752442,100
NSCLC_GSE131907,scgpt,S3_leave_dataset_out,10,0.6198067233241179,0.028496290728868202,100
NSCLC_GSE131907,scvi,S3_leave_dataset_out,10,0.6136384370389221,0.02867063671800303,100
PAAD_GSE111672,geneformer,S3_leave_dataset_out,10,0.6144855125615648,0.07308006996415643,100
PAAD_GSE111672,harmony,S3_leave_dataset_out,10,0.4845311259922058,0.03753887130535159,100
PAAD_GSE111672,hvg_pca,S3_leave_dataset_out,10,0.5929303432564857,0.0763219896787638,100
PAAD_GSE111672,scgpt,S3_leave_dataset_out,10,0.6205806245246754,0.08443583581751771,100
PAAD_GSE111672,scvi,S3_leave_dataset_out,10,0.6597748405100774,0.06256107542848255,100
PAAD_GSE154778,geneformer,S3_leave_dataset_out,10,0.5186985313633629,0.06257206603014356,100
PAAD_GSE154778,harmony,S3_leave_dataset_out,10,0.43890962451175464,0.03030788093339756,100
PAAD_GSE154778,hvg_pca,S3_leave_dataset_out,10,0.5113961291834657,0.06780606880359889,100
PAAD_GSE154778,scgpt,S3_leave_dataset_out,10,0.5106397758707435,0.06684423495453692,100
PAAD_GSE154778,scvi,S3_leave_dataset_out,10,0.5063423854107095,0.0603436094168878,100
STAD_GSE134520,geneformer,S3_leave_dataset_out,10,0.5493911094225659,0.06416798704577158,100
STAD_GSE134520,harmony,S3_leave_dataset_out,10,0.5816013421375594,0.025198497474266394,100
STAD_GSE134520,hvg_pca,S3_leave_dataset_out,10,0.6457873233296574,0.05441382722106627,100
STAD_GSE134520,scgpt,S3_leave_dataset_out,10,0.6258631545163206,0.04972926299401769,100
STAD_GSE134520,scvi,S3_leave_dataset_out,10,0.6415100359451053,0.05293283554965259,100
BRCA_GSE161529,geneformer,S3_leave_dataset_out,25,0.5437139309905344,0.04620542812763986,100
BRCA_GSE161529,harmony,S3_leave_dataset_out,25,0.5778953834482042,0.018077224768518314,100
BRCA_GSE161529,hvg_pca,S3_leave_dataset_out,25,0.5265029014497791,0.043353720808116544,100
BRCA_GSE161529,scgpt,S3_leave_dataset_out,25,0.5401003546511394,0.04301115395043767,100
BRCA_GSE161529,scvi,S3_leave_dataset_out,25,0.5884807279281766,0.030208981056054716,100
BRCA_GSE176078,geneformer,S3_leave_dataset_out,25,0.6732170793630259,0.04623885775246094,100
BRCA_GSE176078,harmony,S3_leave_dataset_out,25,0.6854510919462234,0.019581403195434957,100
BRCA_GSE176078,hvg_pca,S3_leave_dataset_out,25,0.7094713619373428,0.030691490070166663,100
BRCA_GSE176078,scgpt,S3_leave_dataset_out,25,0.714142607460756,0.03194735033191652,100
BRCA_GSE176078,scvi,S3_leave_dataset_out,25,0.7208773497599716,0.021413854603661978,100
CHOL_GSE125449_aPD1aPDL1aCTLA4,geneformer,S3_leave_dataset_out,25,0.7110432932016579,0.07173699189995893,100
CHOL_GSE125449_aPD1aPDL1aCTLA4,harmony,S3_leave_dataset_out,25,0.7160459838876103,0.025573727662323884,100
CHOL_GSE125449_aPD1aPDL1aCTLA4,hvg_pca,S3_leave_dataset_out,25,0.7626677682553469,0.045119503365423794,100
CHOL_GSE125449_aPD1aPDL1aCTLA4,scgpt,S3_leave_dataset_out,25,0.7702583796811758,0.04941857287212998,100
CHOL_GSE125449_aPD1aPDL1aCTLA4,scvi,S3_leave_dataset_out,25,0.7548011981532621,0.04227029541618238,100
CRC_GSE108989,geneformer,S3_leave_dataset_out,25,0.6340970756719626,0.16938599389559142,100
CRC_GSE108989,harmony,S3_leave_dataset_out,25,0.6857863119018015,0.04609327810887677,100
CRC_GSE108989,hvg_pca,S3_leave_dataset_out,25,0.7581280907605534,0.07763729818871787,100
CRC_GSE108989,scgpt,S3_leave_dataset_out,25,0.5697915513001932,0.1538322472062167,100
CRC_GSE108989,scvi,S3_leave_dataset_out,25,0.7271175666122461,0.09914347146184593,100
CRC_GSE146771_10X,geneformer,S3_leave_dataset_out,25,0.580022566296255,0.11661687762468524,100
CRC_GSE146771_10X,harmony,S3_leave_dataset_out,25,0.7413910135398524,0.028516721344389106,100
CRC_GSE146771_10X,hvg_pca,S3_leave_dataset_out,25,0.799855359169007,0.03899033902555012,100
CRC_GSE146771_10X,scgpt,S3_leave_dataset_out,25,0.777682643952283,0.04858712099059743,100
CRC_GSE146771_10X,scvi,S3_leave_dataset_out,25,0.8061747723781575,0.032121258024045134,100
HNSC_GSE103322,geneformer,S3_leave_dataset_out,25,0.5318491962233238,0.15581667029903223,100
HNSC_GSE103322,harmony,S3_leave_dataset_out,25,0.681150547608595,0.032609901609384845,100
HNSC_GSE103322,hvg_pca,S3_leave_dataset_out,25,0.7188377016942518,0.05602579780871823,100
HNSC_GSE103322,scgpt,S3_leave_dataset_out,25,0.556271330229982,0.0977973267307448,100
HNSC_GSE103322,scvi,S3_leave_dataset_out,25,0.724362870635865,0.05561789250594763,100
LIHC_GSE140228_10X,geneformer,S3_leave_dataset_out,25,0.5948135034976217,0.07241148009832747,100
LIHC_GSE140228_10X,harmony,S3_leave_dataset_out,25,0.6937755589708496,0.03897534658507944,100
LIHC_GSE140228_10X,hvg_pca,S3_leave_dataset_out,25,0.6973503401206103,0.04447493663061611,100
LIHC_GSE140228_10X,scgpt,S3_leave_dataset_out,25,0.5602421994885123,0.08083183217258715,100
LIHC_GSE140228_10X,scvi,S3_leave_dataset_out,25,0.6996617002713448,0.039448540446549274,100
LIHC_GSE98638,geneformer,S3_leave_dataset_out,25,0.5967034211433137,0.20938726121436305,100
LIHC_GSE98638,harmony,S3_leave_dataset_out,25,0.6753600715031552,0.05204304081351195,100
LIHC_GSE98638,hvg_pca,S3_leave_dataset_out,25,0.7422888916046901,0.07805084793866955,100
LIHC_GSE98638,scgpt,S3_leave_dataset_out,25,0.5957186771063172,0.1517902493953635,100
LIHC_GSE98638,scvi,S3_leave_dataset_out,25,0.6671168966301569,0.1113062542818547,100
NSCLC_GSE127465,geneformer,S3_leave_dataset_out,25,0.7258230035306596,0.04396470967301505,100
NSCLC_GSE127465,harmony,S3_leave_dataset_out,25,0.7145988727578308,0.026017890620757197,100
NSCLC_GSE127465,hvg_pca,S3_leave_dataset_out,25,0.7314162210478343,0.04403376479808981,100
NSCLC_GSE127465,scgpt,S3_leave_dataset_out,25,0.7288509637921132,0.051356101554782436,100
NSCLC_GSE127465,scvi,S3_leave_dataset_out,25,0.7401155026383777,0.033230209750076546,100
NSCLC_GSE131907,geneformer,S3_leave_dataset_out,25,0.5931765125267904,0.02548302294593737,100
NSCLC_GSE131907,harmony,S3_leave_dataset_out,25,0.6275267607329937,0.017033289691762966,100
NSCLC_GSE131907,hvg_pca,S3_leave_dataset_out,25,0.6122868207738137,0.01786649314648564,100
NSCLC_GSE131907,scgpt,S3_leave_dataset_out,25,0.6134572624364278,0.01835232953603943,100
NSCLC_GSE131907,scvi,S3_leave_dataset_out,25,0.607522780220812,0.017357625602937667,100
PAAD_GSE111672,geneformer,S3_leave_dataset_out,25,0.6375855538553649,0.06154271319003237,100
PAAD_GSE111672,harmony,S3_leave_dataset_out,25,0.5225937733804498,0.03539536043624053,100
PAAD_GSE111672,hvg_pca,S3_leave_dataset_out,25,0.6384735265251592,0.06133897589333848,100
PAAD_GSE111672,scgpt,S3_leave_dataset_out,25,0.6576434281575253,0.057424349628193455,100
PAAD_GSE111672,scvi,S3_leave_dataset_out,25,0.7053196440653372,0.04083007220431442,100
PAAD_GSE154778,geneformer,S3_leave_dataset_out,25,0.547095250494213,0.04604836550762917,100
PAAD_GSE154778,harmony,S3_leave_dataset_out,25,0.49343506869114057,0.027893312152590055,100
PAAD_GSE154778,hvg_pca,S3_leave_dataset_out,25,0.5522014577920185,0.04193208979072842,100
PAAD_GSE154778,scgpt,S3_leave_dataset_out,25,0.5287213622975708,0.051250069995244146,100
PAAD_GSE154778,scvi,S3_leave_dataset_out,25,0.5425025776714028,0.03472070281823347,100
STAD_GSE134520,geneformer,S3_leave_dataset_out,25,0.5667865775394549,0.05897275709814977,100
STAD_GSE134520,harmony,S3_leave_dataset_out,25,0.6069482931438281,0.018823284226180497,100
STAD_GSE134520,hvg_pca,S3_leave_dataset_out,25,0.6777557358322891,0.045920304792080625,100
STAD_GSE134520,scgpt,S3_leave_dataset_out,25,0.6503684061312165,0.052520663597548846,100
STAD_GSE134520,scvi,S3_leave_dataset_out,25,0.6768617389612649,0.04728948345087196,100
BRCA_GSE161529,geneformer,S3_leave_dataset_out,50,0.541684462161703,0.046272704037075695,100
BRCA_GSE161529,harmony,S3_leave_dataset_out,50,0.5921205100133541,0.018308563716044033,100
BRCA_GSE161529,hvg_pca,S3_leave_dataset_out,50,0.5366310523781102,0.03439710448894537,100
BRCA_GSE161529,scgpt,S3_leave_dataset_out,50,0.5391854897415547,0.04973225139689299,100
BRCA_GSE161529,scvi,S3_leave_dataset_out,50,0.5910961380466708,0.025942900787201954,100
BRCA_GSE176078,geneformer,S3_leave_dataset_out,50,0.6585449957075582,0.03409835808042393,100
BRCA_GSE176078,harmony,S3_leave_dataset_out,50,0.7011406966500405,0.014457406374843709,100
BRCA_GSE176078,hvg_pca,S3_leave_dataset_out,50,0.7146465232020561,0.02775387628625939,100
BRCA_GSE176078,scgpt,S3_leave_dataset_out,50,0.7130391978571669,0.027775971125056004,100
BRCA_GSE176078,scvi,S3_leave_dataset_out,50,0.729497566738494,0.0167215455587884,100
CHOL_GSE125449_aPD1aPDL1aCTLA4,geneformer,S3_leave_dataset_out,50,0.7183946480035424,0.06291601719303098,100
CHOL_GSE125449_aPD1aPDL1aCTLA4,harmony,S3_leave_dataset_out,50,0.7474065864140189,0.02667076862334128,100
CHOL_GSE125449_aPD1aPDL1aCTLA4,hvg_pca,S3_leave_dataset_out,50,0.7795006378530261,0.040823014892400096,100
CHOL_GSE125449_aPD1aPDL1aCTLA4,scgpt,S3_leave_dataset_out,50,0.7823116016194537,0.04133425812672064,100
CHOL_GSE125449_aPD1aPDL1aCTLA4,scvi,S3_leave_dataset_out,50,0.7669960711806056,0.040881343022975705,100
CRC_GSE108989,geneformer,S3_leave_dataset_out,50,0.6823959005912857,0.15255953242113732,100
CRC_GSE108989,harmony,S3_leave_dataset_out,50,0.7231802037757623,0.0360343444690639,100
CRC_GSE108989,hvg_pca,S3_leave_dataset_out,50,0.8026940129658446,0.04691186536518893,100
CRC_GSE108989,scgpt,S3_leave_dataset_out,50,0.6420557903757116,0.1092703132880057,100
CRC_GSE108989,scvi,S3_leave_dataset_out,50,0.7703198322338171,0.07586536680228076,100
CRC_GSE146771_10X,geneformer,S3_leave_dataset_out,50,0.5798141089002192,0.12239649043076209,100
CRC_GSE146771_10X,harmony,S3_leave_dataset_out,50,0.7778591841636476,0.01780250058348449,100
CRC_GSE146771_10X,hvg_pca,S3_leave_dataset_out,50,0.821084658297153,0.030839002045957874,100
CRC_GSE146771_10X,scgpt,S3_leave_dataset_out,50,0.7901699147026677,0.049768148069282515,100
CRC_GSE146771_10X,scvi,S3_leave_dataset_out,50,0.8280431462715258,0.02398718699992492,100
HNSC_GSE103322,geneformer,S3_leave_dataset_out,50,0.5591147705001055,0.14957419256147703,100
HNSC_GSE103322,harmony,S3_leave_dataset_out,50,0.7046663406628302,0.02933256299685625,100
HNSC_GSE103322,hvg_pca,S3_leave_dataset_out,50,0.7476894081716651,0.04388118222054788,100
HNSC_GSE103322,scgpt,S3_leave_dataset_out,50,0.553733954851785,0.08685547201029326,100
HNSC_GSE103322,scvi,S3_leave_dataset_out,50,0.7436313331254505,0.041467210830355074,100
LIHC_GSE140228_10X,geneformer,S3_leave_dataset_out,50,0.6006897895325958,0.06532145490649836,100
LIHC_GSE140228_10X,harmony,S3_leave_dataset_out,50,0.7296781006175175,0.03300485901505254,100
LIHC_GSE140228_10X,hvg_pca,S3_leave_dataset_out,50,0.7076428783345717,0.0430252538234722,100
LIHC_GSE140228_10X,scgpt,S3_leave_dataset_out,50,0.553566737071435,0.07395017922631307,100
LIHC_GSE140228_10X,scvi,S3_leave_dataset_out,50,0.7074348694922208,0.03836182708478686,100
LIHC_GSE98638,geneformer,S3_leave_dataset_out,50,0.6185716314753376,0.2260479252568615,100
LIHC_GSE98638,harmony,S3_leave_dataset_out,50,0.6982521569419129,0.04585909731813239,100
LIHC_GSE98638,hvg_pca,S3_leave_dataset_out,50,0.7621280145509324,0.07195738884394849,100
LIHC_GSE98638,scgpt,S3_leave_dataset_out,50,0.6173826370715488,0.18135758215208392,100
LIHC_GSE98638,scvi,S3_leave_dataset_out,50,0.702711702029555,0.10353427144889975,100
NSCLC_GSE127465,geneformer,S3_leave_dataset_out,50,0.7379297419385203,0.03641970616529008,100
NSCLC_GSE127465,harmony,S3_leave_dataset_out,50,0.7426608221783172,0.023091313796956562,100
NSCLC_GSE127465,hvg_pca,S3_leave_dataset_out,50,0.7470891680720867,0.037915317558840915,100
NSCLC_GSE127465,scgpt,S3_leave_dataset_out,50,0.7344078856703403,0.04307797864414737,100
NSCLC_GSE127465,scvi,S3_leave_dataset_out,50,0.7500171004194126,0.02868902653752179,100
NSCLC_GSE131907,geneformer,S3_leave_dataset_out,50,0.5874680276485048,0.029429644610634607,100
NSCLC_GSE131907,harmony,S3_leave_dataset_out,50,0.6277270974058452,0.012636325577383391,100
NSCLC_GSE131907,hvg_pca,S3_leave_dataset_out,50,0.6114797379261321,0.012208642440539342,100
NSCLC_GSE131907,scgpt,S3_leave_dataset_out,50,0.60726061112268,0.017391578368152777,100
NSCLC_GSE131907,scvi,S3_leave_dataset_out,50,0.6067509366546996,0.015556195966512483,100
PAAD_GSE111672,geneformer,S3_leave_dataset_out,50,0.6446661381122399,0.051164097807601644,100
PAAD_GSE111672,harmony,S3_leave_dataset_out,50,0.5490742335756069,0.02844276696978842,100
PAAD_GSE111672,hvg_pca,S3_leave_dataset_out,50,0.6613190065366402,0.05324917081878339,100
PAAD_GSE111672,scgpt,S3_leave_dataset_out,50,0.6667043102943616,0.04707338354969966,100
PAAD_GSE111672,scvi,S3_leave_dataset_out,50,0.7219762434495135,0.031085055876643182,100
PAAD_GSE154778,geneformer,S3_leave_dataset_out,50,0.5661775694270624,0.031240382191876765,100
PAAD_GSE154778,harmony,S3_leave_dataset_out,50,0.5163046522362805,0.023313606762277568,100
PAAD_GSE154778,hvg_pca,S3_leave_dataset_out,50,0.5714845393167909,0.031218136457059963,100
PAAD_GSE154778,scgpt,S3_leave_dataset_out,50,0.5289535230742544,0.057032020596200564,100
PAAD_GSE154778,scvi,S3_leave_dataset_out,50,0.5503453265820696,0.030019272881931156,100
STAD_GSE134520,geneformer,S3_leave_dataset_out,50,0.5666374438607655,0.04714425532224953,100
STAD_GSE134520,harmony,S3_leave_dataset_out,50,0.6132801335543572,0.02127687217578407,100
STAD_GSE134520,hvg_pca,S3_leave_dataset_out,50,0.6782212744454813,0.038575163774048876,100
STAD_GSE134520,scgpt,S3_leave_dataset_out,50,0.6459318736369544,0.043775809550119345,100
STAD_GSE134520,scvi,S3_leave_dataset_out,50,0.6756693393481311,0.04242138222344089,100
BRCA_GSE161529,geneformer,S3_leave_dataset_out,100,0.5188490878261195,0.047193429623082324,25
BRCA_GSE161529,harmony,S3_leave_dataset_out,100,0.600825054144891,0.018699988722751713,25
BRCA_GSE161529,hvg_pca,S3_leave_dataset_out,100,0.5354225766053713,0.03415308431507624,25
BRCA_GSE161529,scgpt,S3_leave_dataset_out,100,0.5356955936387853,0.04198885077174515,25
BRCA_GSE161529,scvi,S3_leave_dataset_out,100,0.5811633811819048,0.023164967378146648,25
BRCA_GSE176078,geneformer,S3_leave_dataset_out,100,0.6687708985287922,0.03310784248200392,25
BRCA_GSE176078,harmony,S3_leave_dataset_out,100,0.7057312909957935,0.016509890043900268,25
BRCA_GSE176078,hvg_pca,S3_leave_dataset_out,100,0.7272605223987111,0.027424911912319994,25
BRCA_GSE176078,scgpt,S3_leave_dataset_out,100,0.7108741244738368,0.024306582737391804,25
BRCA_GSE176078,scvi,S3_leave_dataset_out,100,0.7357659087992974,0.016616120186206056,25
CHOL_GSE125449_aPD1aPDL1aCTLA4,geneformer,S3_leave_dataset_out,100,0.710236715383736,0.07215342044613189,25
CHOL_GSE125449_aPD1aPDL1aCTLA4,harmony,S3_leave_dataset_out,100,0.7663923316680331,0.020468767716766683,25
CHOL_GSE125449_aPD1aPDL1aCTLA4,hvg_pca,S3_leave_dataset_out,100,0.7897872209574579,0.032079729603714455,25
CHOL_GSE125449_aPD1aPDL1aCTLA4,scgpt,S3_leave_dataset_out,100,0.7825688563064166,0.05045235393716901,25
CHOL_GSE125449_aPD1aPDL1aCTLA4,scvi,S3_leave_dataset_out,100,0.7619209322521193,0.04190079347962254,25
CRC_GSE108989,geneformer,S3_leave_dataset_out,100,0.6778892629804428,0.14928431217682872,25
CRC_GSE108989,harmony,S3_leave_dataset_out,100,0.7443989492944513,0.025695844490620335,25
CRC_GSE108989,hvg_pca,S3_leave_dataset_out,100,0.8259810862842809,0.037584888742051424,25
CRC_GSE108989,scgpt,S3_leave_dataset_out,100,0.6338113769363451,0.1487029779658064,25
CRC_GSE108989,scvi,S3_leave_dataset_out,100,0.7832300154198991,0.06991701719648911,25
CRC_GSE146771_10X,geneformer,S3_leave_dataset_out,100,0.5735772824151029,0.13620761877453713,25
CRC_GSE146771_10X,harmony,S3_leave_dataset_out,100,0.7878625197965552,0.011769565244927664,25
CRC_GSE146771_10X,hvg_pca,S3_leave_dataset_out,100,0.824220313248323,0.02295666526230908,25
CRC_GSE146771_10X,scgpt,S3_leave_dataset_out,100,0.8010424724126851,0.03642341340616854,25
CRC_GSE146771_10X,scvi,S3_leave_dataset_out,100,0.8304534198145522,0.019605321531601275,25
HNSC_GSE103322,geneformer,S3_leave_dataset_out,100,0.5257890233333079,0.1559875268495403,25
HNSC_GSE103322,harmony,S3_leave_dataset_out,100,0.7161784866516727,0.025358021524483132,25
HNSC_GSE103322,hvg_pca,S3_leave_dataset_out,100,0.7622685983165752,0.04255988668067741,25
HNSC_GSE103322,scgpt,S3_leave_dataset_out,100,0.5215480770671123,0.0967478887275561,25
HNSC_GSE103322,scvi,S3_leave_dataset_out,100,0.7477997846344542,0.04032052567995407,25
LIHC_GSE140228_10X,geneformer,S3_leave_dataset_out,100,0.5874397708629201,0.06729951434314865,25
LIHC_GSE140228_10X,harmony,S3_leave_dataset_out,100,0.738818350778001,0.023476871077647246,25
LIHC_GSE140228_10X,hvg_pca,S3_leave_dataset_out,100,0.6961550089853398,0.03811265201562888,25
LIHC_GSE140228_10X,scgpt,S3_leave_dataset_out,100,0.5506626112978864,0.07465217619976502,25
LIHC_GSE140228_10X,scvi,S3_leave_dataset_out,100,0.6894301734021221,0.03604127531156862,25
LIHC_GSE98638,geneformer,S3_leave_dataset_out,100,0.5903418129059304,0.2690910938981184,25
LIHC_GSE98638,harmony,S3_leave_dataset_out,100,0.7067848946060244,0.04371990561854955,25
LIHC_GSE98638,hvg_pca,S3_leave_dataset_out,100,0.7881017151117972,0.0372791135689088,25
LIHC_GSE98638,scgpt,S3_leave_dataset_out,100,0.604547476118341,0.214276250424834,25
LIHC_GSE98638,scvi,S3_leave_dataset_out,100,0.7141940876137428,0.0722307486470446,25
NSCLC_GSE127465,geneformer,S3_leave_dataset_out,100,0.7467795379247834,0.028970938188978133,25
NSCLC_GSE127465,harmony,S3_leave_dataset_out,100,0.7527745329514751,0.017213150945628374,25
NSCLC_GSE127465,hvg_pca,S3_leave_dataset_out,100,0.7674033320408435,0.02062080558421245,25
NSCLC_GSE127465,scgpt,S3_leave_dataset_out,100,0.7360477213136094,0.03798243563684078,25
NSCLC_GSE127465,scvi,S3_leave_dataset_out,100,0.7507348663483611,0.021966655823851402,25
NSCLC_GSE131907,geneformer,S3_leave_dataset_out,100,0.5792620874114184,0.03232956781572168,25
NSCLC_GSE131907,harmony,S3_leave_dataset_out,100,0.6294856690771432,0.01101319196066519,25
NSCLC_GSE131907,hvg_pca,S3_leave_dataset_out,100,0.6064330239356533,0.012788332030787187,25
NSCLC_GSE131907,scgpt,S3_leave_dataset_out,100,0.6040118496188098,0.01400742564750618,25
NSCLC_GSE131907,scvi,S3_leave_dataset_out,100,0.6017735332595694,0.014088797197957305,25
PAAD_GSE111672,geneformer,S3_leave_dataset_out,100,0.6442068566336442,0.04730844116094033,25
PAAD_GSE111672,harmony,S3_leave_dataset_out,100,0.5683227896304763,0.030432552552879636,25
PAAD_GSE111672,hvg_pca,S3_leave_dataset_out,100,0.6816011580562599,0.04085808812133538,25
PAAD_GSE111672,scgpt,S3_leave_dataset_out,100,0.6890697210441316,0.03288755411254159,25
PAAD_GSE111672,scvi,S3_leave_dataset_out,100,0.7322535144593245,0.02146750147310392,25
PAAD_GSE154778,geneformer,S3_leave_dataset_out,100,0.5696258538996749,0.028159090050961802,25
PAAD_GSE154778,harmony,S3_leave_dataset_out,100,0.5285949518642064,0.019890325768620487,25
PAAD_GSE154778,hvg_pca,S3_leave_dataset_out,100,0.5702176436147137,0.04202193823903766,25
PAAD_GSE154778,scgpt,S3_leave_dataset_out,100,0.5236215975359023,0.06549616181885175,25
PAAD_GSE154778,scvi,S3_leave_dataset_out,100,0.5545932376866339,0.027192760358423145,25
STAD_GSE134520,geneformer,S3_leave_dataset_out,100,0.5640969334298336,0.0368433975137339,25
STAD_GSE134520,harmony,S3_leave_dataset_out,100,0.6168427946757109,0.018217318607163583,25
STAD_GSE134520,hvg_pca,S3_leave_dataset_out,100,0.6770106916393897,0.04193509141135988,25
STAD_GSE134520,scgpt,S3_leave_dataset_out,100,0.6402849007589982,0.03850058604132978,25
STAD_GSE134520,scvi,S3_leave_dataset_out,100,0.6714976472867551,0.03933640012213317,25
BRCA_GSE161529,geneformer,S3_leave_dataset_out,all,0.43806569759403824,0.030127096840486808,16
BRCA_GSE161529,harmony,S3_leave_dataset_out,all,0.6083108412458997,0.02339890016414603,10
BRCA_GSE161529,hvg_pca,S3_leave_dataset_out,all,0.5104183170119022,0.018817854189659394,16
BRCA_GSE161529,scgpt,S3_leave_dataset_out,all,0.5277793866086555,0.03749659470046865,16
BRCA_GSE161529,scvi,S3_leave_dataset_out,all,0.550542234301546,0.02137123544484338,10
BRCA_GSE176078,geneformer,S3_leave_dataset_out,all,0.6446452712180256,0.0599966863216008,16
BRCA_GSE176078,harmony,S3_leave_dataset_out,all,0.7140990321564975,0.01679691029893504,10
BRCA_GSE176078,hvg_pca,S3_leave_dataset_out,all,0.7345440196561812,0.01684155887657415,16
BRCA_GSE176078,scgpt,S3_leave_dataset_out,all,0.6863985983956373,0.0224199745822907,16
BRCA_GSE176078,scvi,S3_leave_dataset_out,all,0.7399387455816773,0.010854365411141109,10
CHOL_GSE125449_aPD1aPDL1aCTLA4,geneformer,S3_leave_dataset_out,all,0.7021042801009706,0.054909501684044716,16
CHOL_GSE125449_aPD1aPDL1aCTLA4,harmony,S3_leave_dataset_out,all,0.7860884517359454,0.017957073465007158,10
CHOL_GSE125449_aPD1aPDL1aCTLA4,hvg_pca,S3_leave_dataset_out,all,0.7872426440943823,0.02739064007252429,16
CHOL_GSE125449_aPD1aPDL1aCTLA4,scgpt,S3_leave_dataset_out,all,0.759707348885197,0.046946754102187745,16
CHOL_GSE125449_aPD1aPDL1aCTLA4,scvi,S3_leave_dataset_out,all,0.771327058976921,0.026280571975242407,10
CRC_GSE108989,geneformer,S3_leave_dataset_out,all,0.8245563718209583,0.1520946646779966,19
CRC_GSE108989,harmony,S3_leave_dataset_out,all,0.7724575738748597,0.029319663435446237,10
CRC_GSE108989,hvg_pca,S3_leave_dataset_out,all,0.8438281520302711,0.04644903062347149,16
CRC_GSE108989,scgpt,S3_leave_dataset_out,all,0.7865724676101981,0.13255342672181866,16
CRC_GSE108989,scvi,S3_leave_dataset_out,all,0.8069776542310618,0.05644370097463737,10
CRC_GSE146771_10X,geneformer,S3_leave_dataset_out,all,0.7752550726727816,0.10601101585213357,16
CRC_GSE146771_10X,harmony,S3_leave_dataset_out,all,0.7964363710637568,0.008001536064599682,10
CRC_GSE146771_10X,hvg_pca,S3_leave_dataset_out,all,0.8412693086256268,0.005614902441885462,16
CRC_GSE146771_10X,scgpt,S3_leave_dataset_out,all,0.7450858770085768,0.011106007068595034,16
CRC_GSE146771_10X,scvi,S3_leave_dataset_out,all,0.8400563594456824,0.013950772556951433,10
HNSC_GSE103322,geneformer,S3_leave_dataset_out,all,0.13726609911957852,0.07617085029555977,19
HNSC_GSE103322,harmony,S3_leave_dataset_out,all,0.7180714427431439,0.026359875338189925,10
HNSC_GSE103322,hvg_pca,S3_leave_dataset_out,all,0.732643971292479,0.022159996837975537,19
HNSC_GSE103322,scgpt,S3_leave_dataset_out,all,0.4048759976997904,0.06682308445257724,19
HNSC_GSE103322,scvi,S3_leave_dataset_out,all,0.7459296508869055,0.03242250322129582,10
LIHC_GSE140228_10X,geneformer,S3_leave_dataset_out,all,0.5386424169175521,0.01622330527147584,16
LIHC_GSE140228_10X,harmony,S3_leave_dataset_out,all,0.7355320124197091,0.017815169441537392,10
LIHC_GSE140228_10X,hvg_pca,S3_leave_dataset_out,all,0.6663373314355908,0.02111312136937955,16
LIHC_GSE140228_10X,scgpt,S3_leave_dataset_out,all,0.4903165703571814,0.03819516728593036,16
LIHC_GSE140228_10X,scvi,S3_leave_dataset_out,all,0.6789971055619096,0.028615781989328164,10
LIHC_GSE98638,geneformer,S3_leave_dataset_out,all,0.6800356849872018,0.21491032408217522,16
LIHC_GSE98638,harmony,S3_leave_dataset_out,all,0.7337693283346741,0.048994088133376655,10
LIHC_GSE98638,hvg_pca,S3_leave_dataset_out,all,0.7566397240968132,0.09151530397282624,16
LIHC_GSE98638,scgpt,S3_leave_dataset_out,all,0.6220745985440053,0.2447141672510367,16
LIHC_GSE98638,scvi,S3_leave_dataset_out,all,0.7524099634055843,0.06221887891189843,10
NSCLC_GSE127465,geneformer,S3_leave_dataset_out,all,0.7160552952091398,0.018683681576497885,16
NSCLC_GSE127465,harmony,S3_leave_dataset_out,all,0.7281233642208702,0.018288850233159657,10
NSCLC_GSE127465,hvg_pca,S3_leave_dataset_out,all,0.764026541014752,0.021501942298327466,16
NSCLC_GSE127465,scgpt,S3_leave_dataset_out,all,0.6753347067238954,0.035905608630419944,16
NSCLC_GSE127465,scvi,S3_leave_dataset_out,all,0.7440864861976146,0.012261704529861086,10
NSCLC_GSE131907,geneformer,S3_leave_dataset_out,all,0.5415423192663545,0.07874225646190486,16
NSCLC_GSE131907,harmony,S3_leave_dataset_out,all,0.6211760698750182,0.009656115838586124,10
NSCLC_GSE131907,hvg_pca,S3_leave_dataset_out,all,0.57824019713143,0.010457154133618684,16
NSCLC_GSE131907,scgpt,S3_leave_dataset_out,all,0.5507726514398634,0.012889209875948054,16
NSCLC_GSE131907,scvi,S3_leave_dataset_out,all,0.5924428447202592,0.011288822390947325,10
PAAD_GSE111672,geneformer,S3_leave_dataset_out,all,0.672197941367268,0.04032826166713218,16
PAAD_GSE111672,harmony,S3_leave_dataset_out,all,0.6064169006979248,0.02323625246297688,10
PAAD_GSE111672,hvg_pca,S3_leave_dataset_out,all,0.702329614546127,0.01798338052776909,16
PAAD_GSE111672,scgpt,S3_leave_dataset_out,all,0.7140751446382244,0.01418581169639188,16
PAAD_GSE111672,scvi,S3_leave_dataset_out,all,0.7383342622556079,0.01672524471889457,10
PAAD_GSE154778,geneformer,S3_leave_dataset_out,all,0.5441528737137468,0.012587703196740681,16
PAAD_GSE154778,harmony,S3_leave_dataset_out,all,0.5350223157737443,0.022138380443829653,10
PAAD_GSE154778,hvg_pca,S3_leave_dataset_out,all,0.5495126419355956,0.06044787944827536,16
PAAD_GSE154778,scgpt,S3_leave_dataset_out,all,0.5063340459294943,0.07002514952944063,16
PAAD_GSE154778,scvi,S3_leave_dataset_out,all,0.5593762673074292,0.03173990681604251,10
STAD_GSE134520,geneformer,S3_leave_dataset_out,all,0.5133104654427576,0.038110432456664206,16
STAD_GSE134520,harmony,S3_leave_dataset_out,all,0.6156639476538546,0.021807983468397334,10
STAD_GSE134520,hvg_pca,S3_leave_dataset_out,all,0.6536855228684829,0.050680682584527244,16
STAD_GSE134520,scgpt,S3_leave_dataset_out,all,0.5751638748297415,0.02681917534221476,16
STAD_GSE134520,scvi,S3_leave_dataset_out,all,0.6438138079633174,0.06292297646358166,10
